Taxonomy,Control_327,Control_328,Control_330,DSS_334,DSS_339,DSS_treatedp,D_Control,D_DSS,D_RCE,D_RCE_plus_DSS,RCE_318,RCE_319,RCE_322,RCE_plus_DSS_301,RCE_plus_DSS_305,RCE_plus_DSS_313,Start
d__Bacteria|p__Bacteroidetes|c__Bacteroidia|o__Bacteroidales|f__Muribaculaceae,25.7218802499254,31.534237463369948,14.511545403782069,17.585602139758333,9.341917607655866,4.508347699178695,31.100928629120094,12.416848751977513,51.82652324464046,6.099212670219491,39.024486140889195,30.640643812179203,44.771035442362574,12.764958100243447,9.222912486091047,16.076713178323534,40.4416389816862
d__Bacteria|p__Bacteroidetes|c__Bacteroidia|o__Bacteroidales|f__Bacteroidaceae,2.592995842737296,4.689008414477782,4.008709237092976,18.459199050331975,29.906055962464105,15.121912803497995,11.813307839492365,24.560121121822036,12.124995945690884,29.839650857421894,5.532691517633617,6.074434139870117,6.145101665638769,13.418142068684174,13.756645526885825,18.491127230918025,9.266101142388562
d__Bacteria|p__Bacteroidetes|c__Bacteroidia|o__Bacteroidales|f__Rikenellaceae,1.9646258827483851,1.572242819010598,1.4113921103566007,4.304793204635857,4.21218310758443,4.682248447652833,3.240809145234106,3.7752686608901596,2.085588712386595,4.945391504053169,5.049604575624912,8.935857942687306,3.1653824730210744,3.9125034119802775,1.535902164688975,4.454200596172374,2.9934806807109804
d__Bacteria|p__Bacteroidetes|c__Bacteroidia|o__Bacteroidales|f__Prevotellaceae,1.438682194701227,2.089692532284752,2.0070036139997485,3.998657284473228,2.734463405413675,1.9158891587163571,2.106804320949081,2.744322158354517,1.8046723095702406,1.73802356511163,1.5531720609569784,1.839206395604351,2.1976283570490223,3.2403273286738776,0.9161595992826393,3.749614141137715,2.260604571570005
d__Bacteria|p__Bacteroidetes|c__Bacteroidia|o__Bacteroidales|g__Phocaeicola,1.093142402293078,1.0429799794935901,0.7629473548359658,9.106638016344421,4.962967317931075,4.449534844702845,2.6508260678027935,8.784594856695687,4.787223995986983,5.334590622923556,2.665844738159736,1.018067868465754,1.729657185573694,4.9070983242226545,3.1288852257897024,5.6731643508908265,3.005096063178428
d__Bacteria|p__Bacteroidetes|c__Bacteroidia|o__Bacteroidales|f__Tannerellaceae,1.0322854490512006,1.0929750562427891,0.6306625715091281,5.639029552621355,1.3425611595566191,1.1362764333065252,2.667879064662589,3.4032970267380556,2.9738634159596105,1.9021825883114056,1.7736323837157053,1.3071047053316462,2.6432152941330354,2.2121342580704777,1.2821649979245575,2.9913927204952815,2.172456541038237
d__Bacteria|p__Bacteroidetes|c__Bacteroidia|o__Bacteroidales|f__Odoribacteraceae,0.22751468738482833,0.19873611589760493,0.29527591533333897,2.49368354846119,1.1745770447944996,1.0457610333015706,0.44006854681797114,1.0026407850711172,0.3271973997191878,1.0096618423499473,0.3546622844744579,0.5542598183605847,0.5456373077812485,1.3574252142893948,1.5719794837654555,1.2079892515248722,0.4884243543673094
d__Bacteria|p__Bacteroidetes|c__Bacteroidia|o__Bacteroidales|f__Barnesiellaceae,0.21896262301243077,0.2446507809774151,0.15655654789512105,0.5111388503092217,0.3057345658174057,0.16352793338678856,0.24172039042018703,0.41959766933079784,0.3917537241352989,0.20417084414010672,0.42394981448434355,0.30322294470075284,0.6288809931196243,0.3414322354102446,0.21093272327450505,0.4220280228101546,0.4538921362208436
d__Bacteria|p__Bacteroidetes|c__Bacteroidia|o__Bacteroidales|f__Porphyromonadaceae,0.1390165357555691,0.14643995453484912,0.09708705827313362,0.2954832809913985,0.18502117146675467,0.1146447834508684,0.15143294814195335,0.24110253246488136,0.2506572539828947,0.13167503941866215,0.21151352531101156,0.17432150953269654,0.39245214475269863,0.2579052548967506,0.17869235664124145,0.2592084254296518,0.2625274708752133
d__Bacteria|p__Bacteroidetes|c__Bacteroidia|o__Bacteroidales|f__Dysgonomonadaceae,0.0848093501688247,0.09009013830053664,0.06240263337646276,0.19528944052446404,0.103945011081989,0.07702066969713998,0.09332427733545756,0.15246139310252702,0.13382802200385904,0.08378756046027135,0.13805349783672055,0.12195146879362892,0.22149779896588292,0.1480405545527208,0.09968601769682196,0.16487439797844983,0.15527932351219426
d__Bacteria|p__Bacteroidetes|c__Bacteroidia|o__Bacteroidales|f__Paludibacteraceae,0.014192787681851294,0.01189339663634943,0.010724306852300447,0.0412689144719189,0.017685033814922566,0.013434306142257418,0.015417777982829034,0.027383261976846023,0.019981719462129628,0.017391042942087452,0.01941816127665584,0.01827432334922968,0.026999286024365007,0.02787071564928973,0.021476967571772188,0.029350958541128933,0.021148918290658507
d__Bacteria|p__Bacteroidetes|c__Bacteroidia|o__Bacteroidales|f__Tenuifilaceae,0.007791145685491795,0.007920012158288935,0.005994612548208968,0.01913181795739803,0.010241199206496713,0.010010270094005904,0.007592087643059752,0.01836369720842762,0.01728535966508867,0.008186212356311166,0.012798333568704984,0.01138568020751782,0.022260837288827454,0.01545770783910187,0.013005773865968774,0.020477955959085182,0.017315676850476653
d__Bacteria|p__Bacteroidetes|c__Bacteroidia|o__Marinilabiliales|f__Prolixibacteraceae,0.017054503613040426,0.01468948200979941,0.014537393733118383,0.0423422282423199,0.022631785900776687,0.019436439920957133,0.01794847386384895,0.02685370419688207,0.023550814072705584,0.01950281244219807,0.019498401612509788,0.02362988567305314,0.030873955042486852,0.03447111431336904,0.034482741437740966,0.035048360199072814,0.025824811943983783
d__Bacteria|p__Bacteroidetes|c__Bacteroidia|o__Marinilabiliales|f__Marinilabiliaceae,0.010735570169605467,0.012294748603830287,0.01013767810140538,0.032923899907051024,0.01749538197776522,0.014320527237098986,0.012653479405099586,0.031124331454655933,0.019356476610641868,0.014707853459593962,0.016389088598169236,0.014799340162015982,0.026974606603867413,0.026912593262568545,0.022149680013115403,0.027319507949976816,0.024106462332867784
d__Bacteria|p__Bacteroidetes|c__Flavobacteriia|o__Flavobacteriales|f__Flavobacteriaceae,0.6085860741293602,0.4397479723698603,0.6786194718947999,1.078090016679296,0.5535779083425315,0.5635963335421995,0.6048363155637602,0.7852829401594584,0.5539651664181544,0.5216443330479132,0.6517120078057799,0.6507825866548381,0.7285364930888985,0.8871361636694469,0.7990827192133151,0.9205506678802443,0.7035154624202723
d__Bacteria|p__Bacteroidetes|c__Flavobacteriia|o__Flavobacteriales|f__Weeksellaceae,0.2543618836641344,0.1866420432775151,0.29672415506211114,0.4655498479114387,0.23391973681382386,0.23412350014632718,0.2599803345463153,0.3375674609634774,0.22786194168907012,0.22595933651183628,0.2932784275461863,0.26178888046262244,0.3181670890549485,0.3764782231556464,0.34674589059901806,0.3807218607900615,0.2954569975574652
d__Bacteria|p__Bacteroidetes|c__Flavobacteriia|o__Flavobacteriales|f__Blattabacteriaceae,0.03857526908400608,0.023077738130149347,0.048671854175825105,0.05892492599501553,0.023690675324905205,0.03289088745173368,0.04160074690568894,0.04156174447265526,0.02379830603475282,0.029477817786838233,0.03983932675148605,0.03491336049271174,0.02971402227910006,0.046224082257148975,0.0443242753018361,0.0460462133994481,0.03587054813204658
d__Bacteria|p__Bacteroidetes|c__Flavobacteriia|o__Flavobacteriales|f__Schleiferiaceae,0.009015232268775007,0.007786228169128649,0.00843278829411659,0.024900879473303463,0.014034235949643646,0.012286246996667206,0.010122783524079668,0.013614759697783084,0.013169177559460921,0.011515354862367908,0.011795329370530613,0.015841835118180093,0.01589354680044887,0.019439238646143258,0.017938998435818997,0.02010435585036755,0.015167739836581647
d__Bacteria|p__Bacteroidetes|c__Cytophagia|o__Cytophagales|f__Hymenobacteraceae,0.25801760170339916,0.23108508447656212,0.1870245786447336,0.4792614313283116,0.2851889501253599,0.20393155875615648,0.2497991503480583,0.35401791716042236,0.35386140215659284,0.2249904069764914,0.3701286092103067,0.3572078305679962,0.5770048512336873,0.40230494437993086,0.2864758389097873,0.44481762944193015,0.4396827067443074
d__Bacteria|p__Bacteroidetes|c__Cytophagia|o__Cytophagales|f__Cytophagaceae,0.13339235415670028,0.11142868457160225,0.10222005984346545,0.2601712579452052,0.1464902398842871,0.11732358812391223,0.1290070892578384,0.18134791587410942,0.16588474403534603,0.1301719564215246,0.17065113427738762,0.17659046914317136,0.24992849137910825,0.20936038730287698,0.16837743254064552,0.23772641917838797,0.19929550970462728
d__Bacteria|p__Bacteroidetes|c__Cytophagia|o__Cytophagales|f__Cyclobacteriaceae,0.04671379069178095,0.0373658681724679,0.04487709944347264,0.09879853256541311,0.05297607984595214,0.05081672323375633,0.04738241364924983,0.07485555457426031,0.05298933166358757,0.051291154505627934,0.055807153586422055,0.05911559633777655,0.0729523669908802,0.08505997633224789,0.0741727754769905,0.08312602418967305,0.06336414190990264
d__Bacteria|p__Bacteroidetes|c__Cytophagia|o__Cytophagales|f__Fulvivirgaceae,0.014126620839511661,0.013993805266165922,0.011787571463297756,0.035365688734713324,0.02007148609915251,0.016495797197164656,0.015573513113968722,0.024000925188689123,0.02086748016840395,0.01560224995375846,0.025315825961921147,0.02311885873375701,0.037932269304798,0.024357600231312036,0.018885778908820556,0.02738955797036137,0.027212709706808252
d__Bacteria|p__Bacteroidetes|c__Cytophagia|o__Cytophagales|f__Flammeovirgaceae,0.01397774544424749,0.009378257640136053,0.01642560502506188,0.023747067170122378,0.010762741758679417,0.010755501469213585,0.01185533685800869,0.01291437682750817,0.012596038278930475,0.009987427518170224,0.010190522653451618,0.011692296371095498,0.01031599776799321,0.01556416588207089,0.009467804730015583,0.01865665542908673,0.013978113182732108
d__Bacteria|p__Bacteroidetes|c__Sphingobacteriia|o__Sphingobacteriales|f__Sphingobacteriaceae,0.21370235904642995,0.17692932566447833,0.20585169511877216,0.457365830412131,0.2556190678485769,0.22054820428443586,0.22178629363430705,0.3361154476958343,0.2683333904301632,0.22619535780890745,0.2779926435660089,0.26753282326031097,0.3709563694992965,0.38782665053614396,0.3332667264965485,0.41350527033003365,0.30034768491217995
d__Bacteria|p__Bacteroidetes|c__Chitinophagia|o__Chitinophagales|f__Chitinophagaceae,0.1350134417940213,0.10587664902145039,0.10674810051443674,0.2760831345914002,0.1606034974327463,0.126991454613093,0.12758600618618876,0.21988605624826077,0.17054801363602556,0.13368743153053228,0.16659899731676317,0.16778036470970606,0.24348716262923686,0.2342289861404403,0.19772762720369386,0.24008476986466804,0.19197600126496966
d__Bacteria|p__Bacteroidetes|c__Saprospiria|o__Saprospirales|f__Haliscomenobacteraceae,0.00716256068326528,0.0076925793767164494,0.007241198643860985,0.020527125858919346,0.011173654072520335,0.009486593992508612,0.00798142547090897,0.01727041663043751,0.00862314099343534,0.008968809288705101,0.011474368027114814,0.012244205465535321,0.020064368864541816,0.017395244221138053,0.010065771344542881,0.018329755333958805,0.01080577543913333
d__Bacteria|p__Chlorobi|c__Chlorobia|o__Chlorobiales|f__Chlorobiaceae,0.044695702000422145,0.03089072309711005,0.03202626336917758,0.06646495523208264,0.03634993545515809,0.034542481310302055,0.03908951791606149,0.06065998956941999,0.04949839240944758,0.03633485757543272,0.05091249309933112,0.059953680518222204,0.07366807018531037,0.06668531811579484,0.06502886932984386,0.06388561859071501,0.061728405260859515
d__Bacteria|p__Firmicutes|c__Clostridia|o__Eubacteriales|f__Lachnospiraceae,12.709558660544912,2.592345736357779,7.133185625102431,2.7446511408252063,0.983803100933972,2.124997054321929,3.622068213155453,1.913463084100096,1.7497290939957537,3.2517150984438614,2.930677966645697,5.688240861305244,3.5862159513460035,8.981247628647093,12.10157359897668,6.216472308993442,2.8355246972276245
d__Bacteria|p__Firmicutes|c__Clostridia|o__Eubacteriales|f__Oscillospiraceae,4.618412511885219,1.3039925423453083,2.969056433319193,1.5100719764214432,0.9316488457157018,1.2124108819088235,1.9841045045024,1.3328627671512234,0.9858386401905844,2.1684270335812346,1.215861749110937,2.843026833002529,1.410379522596354,5.460190440663906,6.766465633612899,4.077494936551027,1.430724322363048
d__Bacteria|p__Firmicutes|c__Clostridia|o__Eubacteriales|f__Clostridiaceae,1.1392772331143872,0.4676151773119479,1.4111904567234803,1.2206797510770704,0.31630765573892783,0.8185661708058227,0.6694858618781229,1.0678276395337774,0.3085052436382517,0.6384127642305004,0.5657344879382727,0.7760250689375341,0.517404050732004,1.0163549362252449,1.3017733198259318,0.9768942342762222,0.5629577687494661
d__Bacteria|p__Firmicutes|c__Clostridia|o__Eubacteriales|g__Flintibacter,0.2892152678665362,0.09871920560137509,0.18973773661762328,0.09928152376209357,0.06955481127745684,0.11428223845752414,0.1728075948908754,0.10018891546737488,0.09002194472149794,0.18850648331869793,0.08385115096737748,0.21559204515025215,0.10821925888193835,0.6556325034290136,0.7813679582579438,0.29451363570346795,0.11995402092982871
d__Bacteria|p__Firmicutes|c__Clostridia|o__Eubacteriales|g__Massilistercora,0.2692494231905519,0.0594402263839151,0.15574993336264034,0.07633944191977195,0.02441767403400837,0.05399906261977831,0.08164414249998102,0.04899263590118179,0.04091432909423022,0.09970036475228136,0.06990939261275372,0.11682075832309576,0.07502543831267788,0.24410829252796548,0.32795977279261873,0.1708519997179319,0.06394243264441282
d__Bacteria|p__Firmicutes|c__Clostridia|o__Eubacteriales|g__Intestinimonas,0.24149243282907584,0.07459795235577552,0.15666654078591385,0.07022155342848617,0.04537420203989516,0.07738321469048426,0.14522300978775832,0.0733864587975861,0.07921045374785544,0.1530784444109598,0.06726146152957338,0.1701515297080401,0.084502335783753,0.36906874336500245,0.44538546672041723,0.2312117672826243,0.09753286302324779
d__Bacteria|p__Firmicutes|c__Clostridia|o__Eubacteriales|f__Clostridiales Family XIII. Incertae Sedis,0.0762242023752573,0.02112449188840917,0.054538141684775776,0.04854061526638574,0.02378550124348388,0.03172268691762434,0.0384860442828952,0.03853814037415136,0.022078888193161485,0.03834724968730284,0.0282646583045538,0.05053034375760153,0.03195984954438088,0.0830798567330241,0.10713568510280791,0.06484296886930394,0.029674575976580214
d__Bacteria|p__Firmicutes|c__Clostridia|o__Eubacteriales|g__Monoglobus,0.02324110337179612,0.005672441140396129,0.0157839798287704,0.013470087818532695,0.007949572840845442,0.008580231509147917,0.008565432212682796,0.012179828939171064,0.005145227632034682,0.009577495791678162,0.007683012158015688,0.013348023654414967,0.007996132241219617,0.02312268693287139,0.024441885368803384,0.020127705857162403,0.007550824733461669
d__Bacteria|p__Firmicutes|c__Clostridia|o__Eubacteriales|f__Peptostreptococcaceae,0.3910129548060617,0.180046492611913,0.32306745240699275,0.4926241877698042,0.16801572340164592,0.49068450710296135,0.1755524265772124,0.511433237881967,0.14621564599896025,0.5199424952742946,0.2736997855978226,0.27707880648636274,0.2878607606839062,0.5177480461755374,0.5648043826966401,0.40934896912055,0.19779195379490078
d__Bacteria|p__Firmicutes|c__Clostridia|o__Eubacteriales|f__Eubacteriaceae,0.26253348869307913,0.06729334654762388,0.16317445349115603,0.09705439768851146,0.04066451475048772,0.06876270040429809,0.08863275650987448,0.07231026072862709,0.05206449327909526,0.09073155546357625,0.07117317790245342,0.1328670042169943,0.08435425926076745,0.19581892423721747,0.2990580530904659,0.1523354443296143,0.07874667544787378
d__Bacteria|p__Firmicutes|c__Clostridia|o__Eubacteriales|f__Peptococcaceae,0.18417540565236867,0.05652373542022086,0.1306165578164798,0.10260879645033669,0.04429950829600353,0.07269027116552777,0.08471991133998984,0.08642041318831194,0.04800041474442482,0.08466953478090578,0.0759875980536904,0.12467013211068434,0.07739466268044667,0.18468341294265786,0.23427833651667504,0.1442096419650058,0.07823447508302189
d__Bacteria|p__Firmicutes|c__Clostridia|o__Eubacteriales|f__Christensenellaceae,0.07673699540338946,0.02219476380169146,0.040605708851017934,0.036492668193634385,0.01795370725089547,0.02402867650331799,0.029064068848944122,0.030099380912790203,0.019226217683248583,0.034757241537114784,0.026459250747839932,0.053494300005519094,0.034353753332647244,0.08371860499083822,0.1089794154976004,0.06491301888968849,0.028154497474439138
d__Bacteria|p__Firmicutes|c__Clostridia|o__Thermoanaerobacterales|f__Thermoanaerobacterales Family III. Incertae Sedis,0.07283315170535111,0.028067880925828015,0.06944217838720357,0.055436656241212245,0.021525483517358834,0.03875203151079951,0.03986819357175993,0.03899936811799094,0.01880938911559008,0.03222311813698204,0.03139403140285784,0.0458697780712208,0.02428454976962995,0.06792023141423549,0.06196429043039145,0.05856181704148876,0.03496180554924484
d__Bacteria|p__Firmicutes|c__Clostridia|o__Thermoanaerobacterales|f__Thermoanaerobacteraceae,0.047210042009328206,0.01872975848244005,0.03395113895805201,0.036304838283814214,0.015266972891166396,0.025418432311137724,0.023009865625888783,0.02762241710328136,0.018848466793808062,0.025813276595469805,0.024393062099600724,0.03419792277769715,0.025370444271523972,0.05339935435326101,0.05820208381399053,0.0436645127063732,0.024089939740453203
d__Bacteria|p__Firmicutes|c__Clostridia|o__Halanaerobiales|f__Halanaerobiaceae,0.01786504743170093,0.009297987246639881,0.023905121598973986,0.020875952834299674,0.005531511917089274,0.014340668625618114,0.01185533685800869,0.015254680564768247,0.004897735669987444,0.008670677123983603,0.009829441142108845,0.013225377188983894,0.007551902672262972,0.01556416588207089,0.019010355286847077,0.015317604457422898,0.011202317657083178
d__Bacteria|p__Firmicutes|c__Bacilli|o__Lactobacillales|f__Lactobacillaceae,3.5195301360191777,2.1308043521537083,1.577811354126145,0.4162310801615122,1.0285135215438164,0.24407334607477574,1.033906068744991,1.208946246639657,0.8972495436704127,0.7853173883970191,0.6182718478386463,0.868132564476269,0.5837423330295297,1.0886399474012103,0.7571004798183776,0.38494821201992974,0.7439462460587422
d__Bacteria|p__Firmicutes|c__Bacilli|o__Lactobacillales|f__Enterococcaceae,0.34836842491816816,0.10029785667346647,0.2936626862683775,0.23752433738974385,0.06196873779116298,0.11853207143505984,0.13529489517760326,0.11091673113890284,0.06950616365705586,0.10156369078179073,0.10710078828105943,0.18407190353446673,0.1201147395617774,0.1938600962465875,0.3110423006566172,0.17510170095459499,0.11468331394957867
d__Bacteria|p__Firmicutes|c__Bacilli|o__Lactobacillales|f__Streptococcaceae,0.3337124693399394,0.11833193841227303,0.26341464130035064,0.22778401492335468,0.09237624901539088,0.14163424406649802,0.1647483018543966,0.21288222754551164,0.08897987330235169,0.1533641544021512,0.13789301716501265,0.19261627395949804,0.13462623881436114,0.26980726410068717,0.3345124902768137,0.25421152397555347,0.1510825850388917
d__Bacteria|p__Firmicutes|c__Bacilli|o__Lactobacillales|f__Carnobacteriaceae,0.042611446466723706,0.016013943502486243,0.03890081904372914,0.04043709629985811,0.013117585403383137,0.024008535114798866,0.024294680457791203,0.030065215894728013,0.012687219528105772,0.021428249339357757,0.022046032275872693,0.027820306575281426,0.016140341005424785,0.03819714581728478,0.044075122545783066,0.03231640940407513,0.020355833854758813
d__Bacteria|p__Firmicutes|c__Bacilli|o__Bacillales|f__Bacillaceae,0.7990969549357487,0.3131080482307335,0.7372090183904447,0.6411976464375643,0.24422415329937303,0.42053205089084356,0.4732790635335094,0.5147984921610929,0.26761696632950016,0.3895966284233492,0.4603187467101462,0.5697950373151871,0.38378966815804405,0.7496349553706592,0.923086045900914,0.6658721437687938,0.4357668523420527
d__Bacteria|p__Firmicutes|c__Bacilli|o__Bacillales|f__Paenibacillaceae,0.5809283340313935,0.20490355779789415,0.4022073373324304,0.40742990724422395,0.17577564440533403,0.22036693178776376,0.2859881014466431,0.2980385350655225,0.22263855870059945,0.31377168119584786,0.31205466613601057,0.44890650455529413,0.36606984424077343,0.6858027128064341,0.8126864596938113,0.5378440565126205,0.31095518924233834
d__Bacteria|p__Firmicutes|c__Bacilli|o__Bacillales|f__Staphylococcaceae,0.18217385867159477,0.10989016869625896,0.2376396405578986,0.20545908849901362,0.08532752240104283,0.1733166482070841,0.1381175944295101,0.17188420587088252,0.06538998155142811,0.12254474187406623,0.13295823650999475,0.13550390322376235,0.0942507068803016,0.14493197969802538,0.20041847696906667,0.1488796433239762,0.12152366720921351
d__Bacteria|p__Firmicutes|c__Bacilli|o__Bacillales|f__Planococcaceae,0.10945649894033802,0.03954654719578056,0.0910007849825973,0.08970219836126453,0.03924212597180762,0.055469383981674565,0.056123047884464775,0.0651014419175048,0.035339247001797705,0.05396192181459136,0.05438288762501444,0.07738991968700622,0.04814954939080084,0.10686258353230342,0.13317214811035077,0.09132187657466607,0.05503675533295584
d__Bacteria|p__Firmicutes|c__Bacilli|o__Bacillales|g__Exiguobacterium,0.028236699968438413,0.034221944427201174,0.04104568041418923,0.014597067277453756,0.032066964799354676,0.05230718598417169,0.013218019255480953,0.020704000945687702,0.010967801686514437,0.025999609198420745,0.011394127691260865,0.02146313145043754,0.01468425519606689,0.022185856154744006,0.015621877804525711,0.014803904307936154,0.015316443168312842
d__Bacteria|p__Firmicutes|c__Bacilli|o__Bacillales|g__Gemella,0.012819825703303908,0.008013660950701136,0.016077294204217933,0.02522287360442377,0.004946752085854123,0.016032545261224745,0.011699601726869003,0.021626456433366855,0.0050800981683380405,0.012459440050652654,0.011173466767662503,0.01563742434246164,0.008267605866693124,0.012370424593000254,0.025164428361357207,0.017185605001011055,0.00907090323560275
d__Bacteria|p__Firmicutes|c__Bacilli|o__Bacillales|f__Alicyclobacillaceae,0.0352007601246848,0.01287001975721952,0.01939541307646816,0.026779178571505233,0.013528497717224053,0.015629717490842215,0.01942795760967598,0.0229588921377923,0.01570922664362994,0.02054627501872332,0.026037988984606693,0.03438189247584376,0.03605663334698105,0.043647797617298666,0.05047834837634623,0.036169160525225716,0.019513181641615387
d__Bacteria|p__Firmicutes|c__Bacilli|o__Bacillales|f__Listeriaceae,0.032752586958118377,0.013311506921448462,0.029899734147182954,0.038075806004975885,0.011679392304939924,0.023243162351072055,0.01790954008106403,0.028493625063867233,0.01023835169311205,0.020670496754023947,0.017271732292562684,0.025837522050812432,0.015251881867511493,0.03195870449930014,0.04654173483070818,0.025404807392798955,0.01748090277462242
d__Bacteria|p__Firmicutes|c__Bacilli|o__Bacillales|f__Thermoactinomycetaceae,0.01950267677960685,0.008334742524685822,0.011989225096417935,0.01736085023623636,0.006764248858612027,0.008741362617300928,0.010336919329396739,0.014263895040964711,0.008323545460430789,0.01298117133891528,0.012116290713946412,0.016741242531341283,0.01468425519606689,0.027466175086007454,0.03518036915468947,0.020734806033828556,0.014605971694486032
d__Bacteria|p__Firmicutes|c__Erysipelotrichia|o__Erysipelotrichales|f__Erysipelotrichaceae,0.36816885248830333,0.09842488082522245,0.22015077092183943,0.526272574471876,0.055093858694209165,0.11728330534687399,0.26375691147645275,0.9259232370124673,0.43895955942262466,0.3927394383264549,0.4856546327560308,0.30939615012745014,0.3993870619125218,0.569550529884263,0.44615784026418165,0.9028046627161569,0.3072541285414731
d__Bacteria|p__Firmicutes|c__Erysipelotrichia|o__Erysipelotrichales|f__Turicibacteraceae,0.013944662023077672,0.003973384478060496,0.009587713647441253,0.1992875343192078,0.018127554768289707,0.043203278373526485,0.006540875507866863,0.14472301651144076,0.023446606930790957,0.13225888157457508,0.07701066233582828,0.07274979507819734,0.0663629617180233,0.11897750882217803,0.11695230369129775,0.0920457267853065,0.010343142851525176
d__Bacteria|p__Firmicutes|c__Negativicutes|o__Selenomonadales|f__Selenomonadaceae,0.09150874295571255,0.03130545346350694,0.058571214347179365,0.0650428144863013,0.028463579893365093,0.036093368226274805,0.04123087596923219,0.049453863645021356,0.031118857754255335,0.04370120647875976,0.04812414142840636,0.0705625997780099,0.057601767441378356,0.10062414221431877,0.12061484920527746,0.07871287290544601,0.048113789111248105
d__Bacteria|p__Firmicutes|c__Negativicutes|o__Selenomonadales|f__Sporomusaceae,0.028567534180136578,0.00960569042170854,0.02315350351188968,0.015428885449514542,0.0082814635558708,0.010372815087350181,0.012848148319024194,0.01460554522158662,0.007620147252507061,0.012683039174193781,0.014322899949930029,0.02056372403727635,0.016485852892391063,0.0281900897781968,0.03704901482508729,0.020384555931905777,0.0152007850214108
d__Bacteria|p__Firmicutes|c__Negativicutes|o__Veillonellales|f__Veillonellaceae,0.05058455096864949,0.019893679188134537,0.04216394147058295,0.03944428106223717,0.0200556817793894,0.02211524459400097,0.03607214975023005,0.03230302457780152,0.02210493997864014,0.027775980013219674,0.036088091050313895,0.05320812491951325,0.03588387740349791,0.06402386704156932,0.07402328382335867,0.05270096533598091,0.03524268962029265
d__Bacteria|p__Firmicutes|c__Negativicutes|o__Acidaminococcales|f__Acidaminococcaceae,0.04668070727061114,0.01824813612146302,0.03143963461828251,0.02841598207136678,0.011979674380439058,0.016576362751241164,0.02417787910943644,0.024547565477684177,0.016165132889506433,0.023279153195337063,0.019117260017203527,0.031785875624219403,0.027320118490833694,0.05710409424858294,0.07337548665762075,0.04511221312765402,0.023115106787993164
d__Bacteria|p__Firmicutes|c__Tissierellia|o__Tissierellales|f__Peptoniphilaceae,0.05227180544831013,0.02553936353069861,0.06042276134219192,0.07816407532945367,0.024180609237561684,0.05067573351412244,0.03885591521935196,0.06233407545446734,0.018509793582585525,0.036073991931301404,0.031193430563222962,0.04247655919429449,0.022112760765841906,0.05580530612436088,0.0610424252329952,0.05034261464970086,0.03160771928908572
d__Bacteria|p__Firmicutes|c__Tissierellia|o__Tissierellales|f__Tissierellaceae,0.02952695339406126,0.015291509961020695,0.032924538643985646,0.041322580160438944,0.015330190170218845,0.026526208679689686,0.020810106898540705,0.02830571746452518,0.014120067729431886,0.019254368971596825,0.019157380185130503,0.02522428972365707,0.019620139295585173,0.0342369066188372,0.037248337029929725,0.032456509444844246,0.019232297570567578
d__Bacteria|p__Actinobacteria|c__Actinomycetia|o__Micrococcales|f__Microbacteriaceae,4.080806917875701,8.502333727906912,8.496235859955585,0.19096935259859996,8.461048041339044,16.14815683132453,1.8072088624191078,3.9023625280815093,1.0754958599153812,5.319920035984552,0.9073777779204272,3.9408762272311946,1.7057181476910304,2.731117217544456,0.9295391022826878,0.3760285094242962,1.574024766374674
d__Bacteria|p__Actinobacteria|c__Actinomycetia|o__Micrococcales|f__Micrococcaceae,0.09208770282618434,0.05202859338443525,0.06636237744500446,0.08876304881216365,0.04828219687630781,0.046405759148067605,0.06562289088398571,0.07596591766128152,0.06252428514877588,0.0661232297005225,0.0726576241157515,0.09758570432798935,0.09676800777105593,0.13017689494251905,0.12856282212336947,0.11362113306374973,0.09074207754085666
d__Bacteria|p__Actinobacteria|c__Actinomycetia|o__Micrococcales|f__Brevibacteriaceae,0.01397774544424749,0.009712717613036768,0.00951438505357937,0.014704398654493857,0.0071751611724529445,0.0070897687587325505,0.010667856483068573,0.013426852098441034,0.011163190077604362,0.010881824012334722,0.013801337766879357,0.01825388227165783,0.014412781570593385,0.020887068030521948,0.018661541428372817,0.01912365556498377,0.015399056130385724
d__Bacteria|p__Actinobacteria|c__Actinomycetia|o__Bifidobacteriales|f__Bifidobacteriaceae,0.7630856509924033,0.38721099982661594,0.23356990359856408,0.2192243376044066,0.25427570066871236,0.5543312948234013,0.19566172538562454,1.2063155402488681,0.7043751498791783,0.3257466564788281,0.7745198418302499,0.3914466355008371,0.8498358448345603,0.353674910351682,0.33281825153565303,0.5897978216311661,0.330848390509489
d__Bacteria|p__Actinobacteria|c__Actinomycetia|o__Corynebacteriales|f__Mycobacteriaceae,0.11850481463028285,0.06214266296495287,0.07228366139935155,0.0958200868525503,0.059534872547643704,0.05347538651828103,0.07761449598174162,0.09504708024901515,0.08796385366868407,0.08163852443957054,0.10974871936423977,0.1363011052490643,0.13924129044741074,0.1506807140183525,0.1431382583524724,0.13402903900245033,0.12063144721882638
d__Bacteria|p__Actinobacteria|c__Actinomycetia|o__Corynebacteriales|f__Corynebacteriaceae,0.1070083257737716,0.06428320679151746,0.08271465387620447,0.10835102512198212,0.0700289408703502,0.0602026102836693,0.07432459133641572,0.0899906575758109,0.08266231532377745,0.0796633988482906,0.09929741561926282,0.12086809168232113,0.12717305382408856,0.14599656012771559,0.13793096575096386,0.138185340211934,0.11240319619636706
d__Bacteria|p__Actinobacteria|c__Actinomycetia|o__Corynebacteriales|f__Nocardiaceae,0.06262691627446271,0.036937759407154984,0.04218227361904842,0.06246686143733887,0.03992171172162145,0.0315414144209522,0.042768760389236604,0.047574787651600864,0.042021529977073126,0.046856438555395626,0.05670985736477899,0.06205911150812227,0.07808568645437923,0.08405927072833909,0.08132345957571278,0.0789697229801894,0.060852707862886934
d__Bacteria|p__Actinobacteria|c__Actinomycetia|o__Corynebacteriales|f__Gordoniaceae,0.015052956632266525,0.010341502362090114,0.010082681656008967,0.017575512990316563,0.009245527061420645,0.00908376622212608,0.011076661202310253,0.012367736538513115,0.0098475749109322,0.010856979665274597,0.012537552477179649,0.016352862057476224,0.022631028596291326,0.020227028164114015,0.015547131977709797,0.020057655836777846,0.014705107248973493
d__Bacteria|p__Actinobacteria|c__Actinomycetia|o__Streptomycetales|f__Streptomycetaceae,0.3153180871695215,0.159002271117,0.21041640008667442,0.2553950116669207,0.16566087975694221,0.16493783058312744,0.20261140561273305,0.22058643911853573,0.17647479483241996,0.25942467200182456,0.2403599260505065,0.32611695158121956,0.2948943955257198,0.42960078659718787,0.42839324875759976,0.36374640585020407,0.2521347602464444
d__Bacteria|p__Actinobacteria|c__Actinomycetia|o__Propionibacteriales|f__Propionibacteriaceae,0.049922882545253164,0.027225041794118214,0.03373115317646636,0.049801758946606926,0.029664708195361624,0.025257301202984715,0.03334678495528553,0.038401480301902595,0.030923469363165403,0.03632243540190266,0.04336990152905984,0.05071431345574813,0.05678734656495783,0.07007068388220972,0.06958836476561453,0.061106967782127625,0.04342137286550825
d__Bacteria|p__Actinobacteria|c__Actinomycetia|o__Propionibacteriales|f__Nocardioidaceae,0.04363703252298801,0.02341219810305006,0.037250925681836765,0.03555351864453351,0.02693056087634321,0.021893689320290576,0.03737643147352493,0.031226826508842506,0.026546769402751094,0.03516717326360685,0.04110311204118576,0.050244168671595694,0.043608536019244026,0.06057462644937303,0.05331868979535091,0.056670466491105756,0.04105864215022374
d__Bacteria|p__Actinobacteria|c__Actinomycetia|o__Actinomycetales|f__Actinomycetaceae,0.075198616318993,0.040161953545917874,0.05288824832288339,0.058361436265555,0.03587580586226472,0.035025874634761096,0.047810685259883974,0.052169982580965536,0.05268973613058301,0.04873218675843506,0.05528559140337137,0.07387405434464883,0.07087929566908253,0.1003260596940055,0.10170415502085159,0.0838265243935186,0.06620602780520987
d__Bacteria|p__Actinobacteria|c__Actinomycetia|o__Pseudonocardiales|f__Pseudonocardiaceae,0.06179983074521729,0.03379383566188826,0.0425122522914269,0.05527565917565209,0.03461146028121575,0.03331385661063534,0.0417759489282211,0.05094004193072667,0.04385818085331841,0.051055133208556744,0.057572440975208944,0.07270891292305365,0.06480815822667504,0.08280306582130463,0.08209583311947721,0.08034737338108566,0.06376068412785248
d__Bacteria|p__Actinobacteria|c__Actinomycetia|o__Micromonosporales|f__Micromonosporaceae,0.06052611903017936,0.03121180467109474,0.04441879573183587,0.05465850375767151,0.036776652088762116,0.030776041657225393,0.04319703199987074,0.04200588970746374,0.038712953221283736,0.04987502672320081,0.048926544786945865,0.06847760986568167,0.05809535585133018,0.08648651410803276,0.08526007312135085,0.08277577408775026,0.05143483018657807
d__Bacteria|p__Actinobacteria|c__Actinomycetia|o__Streptosporangiales|f__Streptosporangiaceae,0.01202582359522831,0.006220955495953301,0.007534513019308519,0.00949882686804895,0.007349008689847178,0.005881285447584957,0.008545965321290335,0.009070812295511689,0.008115131176601537,0.011366288780007158,0.013380076003646121,0.016373303135048065,0.014807652298554847,0.018608865910984894,0.01881103308200464,0.01534095446421775,0.01156581469020387
d__Bacteria|p__Actinobacteria|c__Coriobacteriia|o__Eggerthellales|f__Eggerthellaceae,0.12798321479543529,0.06329320527173134,0.08306296469704842,0.12455806305503739,0.06236384578524079,0.05945737890846162,0.10601669052334207,0.12555644137855165,0.08495487244589923,0.11042070050872527,0.09937765595511676,0.12007088965701916,0.1195717923108304,0.17103549183402936,0.16845217836746143,0.13388893896168125,0.108421251424454
d__Bacteria|p__Actinobacteria|c__Coriobacteriia|o__Coriobacteriales|f__Atopobiaceae,0.05743281915080151,0.02543233633937038,0.03692094700945829,0.04336187632420086,0.021351635999964598,0.029909961950902945,0.035682811922380826,0.06660470271224121,0.07036587257785153,0.052247661867442736,0.05576703341849508,0.056867077804873566,0.10160517418858384,0.0961954876268075,0.10444483533743505,0.0980233285247886,0.03762194292799174
d__Bacteria|p__Actinobacteria|c__Coriobacteriia|o__Coriobacteriales|f__Coriobacteriaceae,0.020280137177097538,0.009485284831464283,0.01510569033554798,0.023210410284921875,0.010114764648391816,0.010171401202158915,0.013782559105862319,0.017150839067219842,0.011384630254172943,0.01596249298613027,0.012818393652668474,0.0218515119243026,0.01658457057438143,0.032810368843052315,0.03278850269658028,0.03266665950599792,0.011648427652276755
d__Bacteria|p__Cyanobacteria|o__Synechococcales|f__Synechococcaceae|g__Synechococcus,0.05258609794942339,0.0329242397323464,0.04166897346201524,0.05041891436458752,0.03408991772903304,0.028520206143083218,0.03885591521935196,0.04373122311960438,0.03747549341104755,0.03729136493724753,0.052477179648483134,0.0569284010375891,0.06280912516637013,0.07530841959628555,0.06677293862221516,0.06955967024186405,0.04903905428646441
d__Bacteria|p__Cyanobacteria|o__Nostocales|f__Nostocaceae|g__Nostoc,0.03604438736451512,0.013552318101936979,0.03646264329782152,0.020070967506498914,0.012453803973332423,0.016536079974202908,0.023204534539813394,0.020054865602506074,0.013690213269034053,0.017018377736185582,0.026037988984606693,0.025387818344231834,0.021248981048426208,0.030404417071952437,0.033685452618371234,0.02953775859548775,0.025180430839815283
d__Bacteria|p__Cyanobacteria|o__Nostocales|f__Calotrichaceae|g__Calothrix,0.021338806654531667,0.008107309743113335,0.020605334875189233,0.013631084884092846,0.009609026415972225,0.010997198131443104,0.01446390030459845,0.011513611086958342,0.008727348135349968,0.011291755738826783,0.01729179237652617,0.016945653307059737,0.012660542715264395,0.023931768059435952,0.02167628977661462,0.020641406006649148,0.014870333173119261
d__Bacteria|p__Tenericutes|c__Mollicutes|o__Mycoplasmatales|f__Mycoplasmataceae,0.09213732795793907,0.05307210849988548,0.13958097841609504,0.1314809368741239,0.05182236450324494,0.09099879332941381,0.09865820557699184,0.0989931398351982,0.03481821129222457,0.0561979130500026,0.08838472994312564,0.08687457968034243,0.049309482154187644,0.08092940426504987,0.10015940793332274,0.10012482913632527,0.0767970095429537
d__Bacteria|p__Tenericutes|c__Mollicutes|o__Entomoplasmatales|f__Spiroplasmataceae,0.04534082871323357,0.024134631644515604,0.07241198643860984,0.06074955940469725,0.016942230786056292,0.04213578478201277,0.047635483237351825,0.046071526856864456,0.01649078020798964,0.02725424872495705,0.04345014186491379,0.03998274773052936,0.02381564078017571,0.034428531096181436,0.04920766932047572,0.04452846295778272,0.03783673662938124
d__Bacteria|p__Tenericutes|c__Mollicutes|o__Acholeplasmatales|f__Acholeplasmataceae,0.01930417625258795,0.015625969933921412,0.027076583283500443,0.04695747745504425,0.009055875224263299,0.03083646582278277,0.0202650339395518,0.05671392998323693,0.007372655290459823,0.03206162988109123,0.02018044446726836,0.033911747691691314,0.01258650445377162,0.028488172298510056,0.093955504307602,0.04422491286944964,0.020454969409246272
d__Bacteria|p__Deinococcus-Thermus|c__Deinococci|o__Deinococcales|f__Deinococcaceae,0.03288492064279764,0.01708421541576853,0.02199857815856502,0.03796847462793578,0.022126047668357095,0.01828838077536692,0.021744517685378828,0.025640846055674286,0.021362464092498427,0.02596234267783056,0.02515534529021325,0.03454542109641852,0.03553836551653163,0.051440526362631016,0.053393435622166814,0.04877816419444578,0.029988505232457177
d__Bacteria|p__Deinococcus-Thermus|c__Deinococci|o__Thermales|f__Thermaceae,0.02102451415341841,0.010756232728487,0.01407909002148161,0.016716861973995755,0.011711000944466149,0.011480591455902142,0.014931105698017512,0.015220515546706058,0.011176215970343689,0.016335158192032146,0.014383080201820492,0.019582552313827776,0.021545134094397303,0.03598281852352914,0.0341090123036614,0.028020008153822374,0.01764612869876819
d__Bacteria|p__Proteobacteria|c__Epsilonproteobacteria|o__Campylobacterales|f__Helicobacteraceae,9.344875477311058,12.21015698748424,12.774152697263998,11.891350593649847,1.99363591651779,4.019717613704684,14.695789914865443,6.203735227259721,2.617787612037332,9.808498530643204,9.914475838030068,8.967234996760089,3.660278892259275,9.34435472160583,22.56785799887483,6.320683389318867,8.460657807362765
d__Bacteria|p__Proteobacteria|c__Epsilonproteobacteria|o__Campylobacterales|f__Campylobacteraceae,0.2384818415026225,0.1958597601306588,0.3153496179030295,0.22679119968573372,0.10400822836104145,0.15498798465467892,0.24633404368020026,0.15415256149660544,0.09534953485188322,0.12665648131251692,0.21921659755299072,0.21107456700687433,0.12438427930786071,0.24498124848031144,0.45709564625491017,0.2132556120573831,0.192042091634628
d__Bacteria|p__Proteobacteria|c__Epsilonproteobacteria|o__Campylobacterales|f__Thiovulaceae,0.02946078655172163,0.020642869527432137,0.037709229393473535,0.025383870669983922,0.013702345234618288,0.019073894927612856,0.02955074113375565,0.01930323520513787,0.011879614178267418,0.01560224995375846,0.02605804906857018,0.0320107274775097,0.01786790044025618,0.03657898356415566,0.04599359876739149,0.03593566045727719,0.02508129528532782
d__Bacteria|p__Proteobacteria|c__Deltaproteobacteria|o__Desulfovibrionales|f__Desulfovibrionaceae,0.24731511495496356,0.08435080516556036,0.17899509761685736,0.34109911623344147,0.09049553496358052,0.1474752467370447,0.19601212943068883,0.18982084035353278,0.20273499459490582,0.193686529680734,0.3874003415028694,0.3911400193372594,0.27036305155111395,0.6859943372837783,0.8244464697795149,0.5919927222698822,0.21576853434196053
d__Bacteria|p__Proteobacteria|c__Deltaproteobacteria|o__Desulfobacterales|f__Desulfobacteraceae,0.052983099003461195,0.02484368678706512,0.049478468708305814,0.05404134833969093,0.027120212713500555,0.03315272550248233,0.0408804719241679,0.04204005472552593,0.030050734549630406,0.03643423496367322,0.07213606193270083,0.06326513508486113,0.08576098622913016,0.08241981686661616,0.07903125422002481,0.06981652031660741,0.04257872065236482
d__Bacteria|p__Proteobacteria|c__Deltaproteobacteria|o__Desulfobacterales|f__Desulfobulbaceae,0.028749492996570574,0.013525561304104922,0.02331849284807892,0.030374779702348625,0.011884848461860383,0.01583113137603348,0.018707682628154927,0.023847182607409263,0.02060696231361739,0.01686931165382483,0.028645799899860058,0.03172455239150387,0.029812739961090424,0.04616020743136756,0.042829358765517855,0.035608760362149265,0.025874379721227518
d__Bacteria|p__Proteobacteria|c__Deltaproteobacteria|o__Myxococcales|f__Archangiaceae,0.02152076547096566,0.010702719132822884,0.012942496816622419,0.016099706556015173,0.0103518294448385,0.009385887049912979,0.012692413187884508,0.01170151868630039,0.012048950783878685,0.012869371777144716,0.01737203271238012,0.021299602829862777,0.019200589147126117,0.02459180792584388,0.023868834029881388,0.02372360690356961,0.018207896840863807
d__Bacteria|p__Proteobacteria|c__Deltaproteobacteria|o__Myxococcales|f__Myxococcaceae,0.019171842567908687,0.00862906730083845,0.012942496816622419,0.015670381047854766,0.011758413903755486,0.007814858745421108,0.012867615210416657,0.012470231592699688,0.01023835169311205,0.014173699997801275,0.016348968430242264,0.02142224929529385,0.018410847691203193,0.025933179267253546,0.026111208834358763,0.02447080712100487,0.01645650204491865
d__Bacteria|p__Proteobacteria|c__Deltaproteobacteria|o__Myxococcales|f__Polyangiaceae,0.014110079128926756,0.008869878481326966,0.010046017359078025,0.012396774048131684,0.007554464846767637,0.007593303471710715,0.010901459179778104,0.013461017116503224,0.013195229344939576,0.012608506133013404,0.0156468654915202,0.019030643219387952,0.021273660468923795,0.01988636242661315,0.01788916788460839,0.016741954871908868,0.01721654129598919
d__Bacteria|p__Proteobacteria|c__Deltaproteobacteria|o__Desulfuromonadales|f__Geobacteraceae,0.05617564914634849,0.029619775200087337,0.03638931470395963,0.05959574710151616,0.028985122445547795,0.028882751136427496,0.03821350780340075,0.047335632525165525,0.044665786203156775,0.039452823131478396,0.05313916241927822,0.06075088254352416,0.06184662776696408,0.08122748678536312,0.0813483748513181,0.0673414195963531,0.06156317933671374
d__Bacteria|p__Proteobacteria|c__Gammaproteobacteria|o__Enterobacterales|f__Enterobacteriaceae,0.3024320946238779,0.16894242151160924,0.27771371710341786,0.656787528952639,5.132674103547375,0.15281271469461324,0.2309746663715486,1.1294613321179698,0.20100255086057517,0.3158089176547781,0.27109197468256924,0.2807990826044386,0.276458868414019,0.371730194439228,0.34258503957293224,0.34294154979599095,0.28732788208949334
d__Bacteria|p__Proteobacteria|c__Gammaproteobacteria|o__Enterobacterales|f__Erwiniaceae,0.09309674717186374,0.05169413341153453,0.1174724073667372,0.08532844474688041,0.039147300053228945,0.05214605487601868,0.08752314370050421,0.07591467013418823,0.05529491467844867,0.05531593872936817,0.09707074629931571,0.09255719924531541,0.08038087256065524,0.10694774996667863,0.1034482243132229,0.10316033001965604,0.09120471012846482
d__Bacteria|p__Proteobacteria|c__Gammaproteobacteria|o__Enterobacterales|f__Yersiniaceae,0.07918516856995589,0.041151955065703995,0.06762729568912196,0.06587463265836208,0.035844197222738496,0.035811388787007035,0.05742732960775966,0.06822754107019528,0.051452276320346824,0.05034706931734319,0.06367070650010913,0.069888044218139,0.0838853502713132,0.08906279874788309,0.08707888824053805,0.08100117357134151,0.06802351297081334
d__Bacteria|p__Proteobacteria|c__Gammaproteobacteria|o__Enterobacterales|f__Morganellaceae,0.06737438721233138,0.03435572841636146,0.08132141059282869,0.0676992660680438,0.03344194061874544,0.041491260349400726,0.058770545113839466,0.0493001210637415,0.030154941691545038,0.041465215243348515,0.06714110102579245,0.05320812491951325,0.04242392383535964,0.07765049654160402,0.07544345453286101,0.07061042054763238,0.05680467272131558
d__Bacteria|p__Proteobacteria|c__Gammaproteobacteria|o__Enterobacterales|f__Pectobacteriaceae,0.05534856361710307,0.027024365810377784,0.043098881042321964,0.042610556684920156,0.024054174679456787,0.025418432311137724,0.03856391184846504,0.04330416039382699,0.03330720773446248,0.03146536555164823,0.047121137230231994,0.05525223267669778,0.05656523178047952,0.0644496992134454,0.06570158177118708,0.05944911729969314,0.047089388381544334
d__Bacteria|p__Proteobacteria|c__Gammaproteobacteria|o__Enterobacterales|f__Hafniaceae,0.012604783465700101,0.006542037069937989,0.014409068693860088,0.011511290187550849,0.0058317939925884065,0.00592156822462321,0.012322542251427749,0.009463710003226886,0.011879614178267418,0.008943964941644978,0.018535517582262392,0.011303915897230439,0.015844187959453686,0.016053872879728388,0.013977469614575636,0.0165318048107552,0.018224419433278388
d__Bacteria|p__Proteobacteria|c__Gammaproteobacteria|o__Pseudomonadales|f__Pseudomonadaceae,0.32158739548120163,0.18447474265311847,0.2237438720210717,0.3500344533720299,0.2095020627798155,0.17875482310724827,0.2273927583553358,0.2910005413447112,0.24254212280629311,0.22778539602075548,0.29323830737825934,0.34533156449875413,0.3761637272242883,0.4537454707425619,0.4183274774130569,0.4199498722054128,0.3106908277637051
d__Bacteria|p__Proteobacteria|c__Gammaproteobacteria|o__Pseudomonadales|f__Moraxellaceae,0.12442674701968,0.06542037069937988,0.1569598551613614,0.09989867918007414,0.059866763262669064,0.06670827877534717,0.10728203846385202,0.08225228098472465,0.054565464685046285,0.06717911445057782,0.10042078032121811,0.09885305113744376,0.07692575369099243,0.13545721387378248,0.11872128825927435,0.11555918362772244,0.09660759784803147
d__Bacteria|p__Proteobacteria|c__Gammaproteobacteria|o__Pasteurellales|f__Pasteurellaceae,0.2270184360672811,0.3380587622091269,0.38783493293550125,0.10362844453221766,0.40994825033536764,0.5865776578425229,0.11164262213576327,0.18959876773612855,0.061560369086065596,0.24540003808638405,0.094202154292537,0.18670880254123476,0.09045007612367252,0.20126957603723133,0.1226080712537018,0.10266997987696413,0.11104834361837174
d__Bacteria|p__Proteobacteria|c__Gammaproteobacteria|o__Alteromonadales|f__Alteromonadaceae,0.07008722774825633,0.040563305513398734,0.0643275089653372,0.08275249169791798,0.041818230093194915,0.04570081054989818,0.05326141484977302,0.06233407545446734,0.05059256739955116,0.04657072856420419,0.06296860356138706,0.07168685904446138,0.06194534544895445,0.09408761837602088,0.08568363280664101,0.0874691254535155,0.06678431853972006
d__Bacteria|p__Proteobacteria|c__Gammaproteobacteria|o__Alteromonadales|f__Shewanellaceae,0.05746590257197133,0.03244261737136937,0.052099965938868155,0.055597653306772396,0.030123033468491878,0.05035347129781641,0.041873283385183396,0.04725021998001005,0.03815283983349262,0.03951493399912871,0.050069969572864644,0.049385643413578185,0.055750810904059,0.07124172235486895,0.06592581925163482,0.08151487372082825,0.05308708942803577
d__Bacteria|p__Proteobacteria|c__Gammaproteobacteria|o__Alteromonadales|f__Pseudoalteromonadaceae,0.048533378856120864,0.02400084765535532,0.05041340828004483,0.041483577225999095,0.02087750640707123,0.025821260081520254,0.041094607729484964,0.03269592228551672,0.02517905066512162,0.027415736980847868,0.04527560950559115,0.03795908105091668,0.034872021163096664,0.049950113761064716,0.04870936380836964,0.05284106537675002,0.03596968368653404
d__Bacteria|p__Proteobacteria|c__Gammaproteobacteria|o__Alteromonadales|f__Colwelliaceae,0.01644246032139882,0.008615688901922422,0.02271353194871838,0.014328738834853503,0.00801279011989789,0.010050552871044156,0.013471088843582942,0.01291437682750817,0.007724354394421687,0.009888050129929724,0.01402199869047772,0.015473895721886875,0.010118562404012479,0.021525816288336073,0.023021714659301046,0.015387654477807454,0.013614616149611413
d__Bacteria|p__Proteobacteria|c__Gammaproteobacteria|o__Oceanospirillales|f__Halomonadaceae,0.09354337335765626,0.08637094340188069,0.11723408943668608,0.08047169993581584,0.08603871679038289,0.11301333098081917,0.07444139268477049,0.07683712562186738,0.05817363697384023,0.08286831961904671,0.0847939749136614,0.1029821488069565,0.09373243904985219,0.11712513887451705,0.09579923470239451,0.09615532798120044,0.08785062386830568
d__Bacteria|p__Proteobacteria|c__Gammaproteobacteria|o__Oceanospirillales|f__Oceanospirillaceae,0.027161488780419383,0.01371285888892932,0.02199857815856502,0.034694867628212694,0.01728992582084476,0.015166465554902303,0.018532480605622778,0.023761770062253787,0.014497818618872409,0.018285439436251952,0.015967826834936,0.019071525374531644,0.01712751782532844,0.03570602761180969,0.03988935624409197,0.03441791001561181,0.02156198310102293
d__Bacteria|p__Proteobacteria|c__Gammaproteobacteria|o__Oceanospirillales|f__Alcanivoracaceae,0.019866594412474833,0.021338546271065628,0.02115529932915336,0.007701026302627258,0.019897638581758276,0.03706015487519288,0.009402508542558615,0.013324357044254461,0.007919742785511611,0.015316539962567023,0.009568660050583508,0.020195784640983133,0.012833298658747534,0.016458413443010668,0.013080519692784686,0.008452702459736415,0.009897032856331598
d__Bacteria|p__Proteobacteria|c__Gammaproteobacteria|o__Xanthomonadales|f__Xanthomonadaceae,0.10680982524675268,0.07276511170427959,0.08027647813029684,0.12855615684978114,0.08216665844842039,0.06950793177950577,0.08715327276404745,0.10808103463974099,0.09790260982879158,0.0884334533605147,0.10613790425081204,0.12884011193534078,0.1341573298249069,0.1535976643957037,0.12881197487942253,0.1539465947984591,0.12420032718037499
d__Bacteria|p__Proteobacteria|c__Gammaproteobacteria|o__Xanthomonadales|f__Rhodanobacteraceae,0.02152076547096566,0.011960288630929574,0.01316248259820807,0.02307624606362175,0.012185130537359515,0.010695077303656207,0.014347098956243686,0.018312449681334334,0.016581961457164937,0.014422143468402525,0.023369997817462865,0.02579663989566874,0.031540299395921824,0.027231967391475605,0.022174595288720705,0.03082200896920461,0.02058715014856289
d__Bacteria|p__Proteobacteria|c__Gammaproteobacteria|o__Vibrionales|f__Vibrionaceae,0.1124340068456215,0.06301225889449474,0.10883796543950043,0.1179035176785511,0.057021985705308864,0.06217646635854371,0.09509576445217151,0.08964900739518898,0.07015745829402227,0.06433443671219352,0.09141380262161226,0.10306391311724389,0.08815489001739653,0.12685540400188558,0.1263453625944974,0.11142623242503365,0.09604582970593585
d__Bacteria|p__Proteobacteria|c__Gammaproteobacteria|o__Aeromonadales|f__Aeromonadaceae,0.06456229641289699,0.040376007928574334,0.04856186128503228,0.06230586437177872,0.047412959289336636,0.03619407516887044,0.0496405730507753,0.05239205519836978,0.04723188707280445,0.04526640034354763,0.056348775853436214,0.0638783674120165,0.0775920980444274,0.08420831198849572,0.07875718618836647,0.07714842245019093,0.0673295640894011
d__Bacteria|p__Proteobacteria|c__Gammaproteobacteria|o__Chromatiales|f__Chromatiaceae,0.028517909048381855,0.01719124260709676,0.02355681077813004,0.03413137789875217,0.019044205314550217,0.017684139119793125,0.021919719707910977,0.022873479592636824,0.019069906970376645,0.02085682935697488,0.026559551167657364,0.03305322243367381,0.030182931268554297,0.040517931154009444,0.03697426899827137,0.03780366100086535,0.026964870820589595
d__Bacteria|p__Proteobacteria|c__Gammaproteobacteria|o__Chromatiales|f__Ectothiorhodospiraceae,0.02552385943251346,0.01313758773554009,0.01750720178452466,0.02431055689958291,0.013228215641724921,0.012789781709645367,0.01748126847042989,0.019764462948977452,0.014849517722834275,0.01807426248624089,0.028164357884736365,0.027452367178988208,0.03373676782020746,0.035642152786028274,0.03430833450850383,0.028230158214976042,0.021148918290658507
d__Bacteria|p__Proteobacteria|c__Gammaproteobacteria|o__Thiotrichales|f__Francisellaceae,0.031826251165363514,0.015692861928501556,0.04478543870114528,0.0325750729316707,0.01142652318873013,0.022719486249574764,0.024372548023361047,0.02495754569443047,0.011032931150211077,0.01636000253909227,0.025717027641190895,0.02367076782819683,0.014289384468105426,0.03134124785007982,0.028154261433993702,0.03187275927497295,0.019794065712663195
d__Bacteria|p__Proteobacteria|c__Gammaproteobacteria|o__Thiotrichales|f__Piscirickettsiaceae,0.0242005225857208,0.014502184424975008,0.019468741670330043,0.02648401728464496,0.013702345234618288,0.014058689186350342,0.020167699482589493,0.021148146180496184,0.014432689155175767,0.01706806643030583,0.02138404950507761,0.02610325605924642,0.021717890037880442,0.0362596094352486,0.034009351201240184,0.03140575913907591,0.023379468266626395
d__Bacteria|p__Proteobacteria|c__Gammaproteobacteria|o__Cellvibrionales|f__Cellvibrionaceae,0.016955253349530977,0.013204479730120235,0.019762056045777576,0.021841935227660585,0.014050040269406757,0.01230638838518633,0.015476178657006416,0.018944502515484865,0.014133093622171217,0.015527716912578085,0.01845527724640844,0.019930050632549146,0.02132301930991898,0.030553458332109065,0.025862056078305724,0.027132707895618,0.019860156082321504
d__Bacteria|p__Proteobacteria|c__Gammaproteobacteria|o__Cellvibrionales|f__Microbulbiferaceae,0.014771747552323085,0.009913393596777197,0.009899360171354258,0.020070967506498914,0.010920784956310539,0.010090835648082408,0.01148546592155193,0.014383472604182379,0.013859549874645322,0.01177622050649922,0.015185483560359989,0.01833564658194521,0.019990330603049045,0.022696854760995307,0.024392054817592775,0.021038356122161633,0.015382533537971149
d__Bacteria|p__Proteobacteria|c__Gammaproteobacteria|o__Legionellales|f__Legionellaceae,0.03521730183526971,0.017231377803844844,0.04315387748771838,0.03627800543955419,0.017052861024398076,0.023666131509973716,0.028421661432992917,0.02680245666978878,0.017741265910965157,0.02365181840123894,0.03145421165474831,0.031090878986776666,0.021890645981363584,0.04654345638605604,0.04900834711563329,0.03556206034855956,0.025808289351569206
d__Bacteria|p__Proteobacteria|c__Gammaproteobacteria|o__Methylococcales|f__Methylococcaceae,0.034539091701288466,0.02129841107431754,0.027608215588999098,0.038692961422956466,0.02286885069722337,0.02159156849250368,0.026805909447418664,0.025965413727265105,0.02698964975588826,0.027030649601415928,0.03237697551706872,0.04159759285870514,0.040498929036547504,0.054612976043107844,0.0514998746761637,0.05300451542431399,0.02950935005243445
d__Bacteria|p__Proteobacteria|c__Betaproteobacteria|o__Burkholderiales|f__Sutterellaceae,1.631442748147163,2.3761508098747566,0.7196284880120581,2.0993749020601182,0.30056655325486803,1.061954709670948,1.2827318745234262,4.817677526985666,3.2316849109491357,2.8666898298795758,5.816682126304708,2.380159072465664,7.000539738926283,2.1777057269742963,0.8677741340571387,6.1984227537410215,3.083793170849058
d__Bacteria|p__Proteobacteria|c__Betaproteobacteria|o__Burkholderiales|f__Burkholderiaceae,0.1824054426197835,0.10618435219651905,0.13122151871584034,0.1891983848774383,0.10051547369339367,0.09534933324954516,0.1311484473110091,0.15324718851795738,0.14206038621511455,0.1314638624686511,0.17761198341271778,0.2228486276882572,0.24259870349132356,0.22677692313260883,0.22269273336020862,0.21804236345032776,0.18711835909508406
d__Bacteria|p__Proteobacteria|c__Betaproteobacteria|o__Burkholderiales|f__Comamonadaceae,0.14510388525081536,0.0908259502409182,0.09925025179205918,0.1550401741344261,0.0929294002070998,0.07410016836186663,0.10815804857651277,0.12480481098118344,0.11348157754502823,0.10623442802909422,0.14128317135484203,0.15890893704352518,0.18499693604994522,0.19462659415596445,0.17273760577157377,0.18488535380163795,0.15988912679586123
d__Bacteria|p__Proteobacteria|c__Betaproteobacteria|o__Burkholderiales|f__Alcaligenaceae,0.08174913371061666,0.04908534562290895,0.058387892862524646,0.08731407522212228,0.04978360725380347,0.04346511642427513,0.060697767361693085,0.07070450487970412,0.06079184141444522,0.05493085134993623,0.07269774428367848,0.08329739110526951,0.09669396950956316,0.10967307586668557,0.10083212037466595,0.10505168057003905,0.08218337467010578
d__Bacteria|p__Proteobacteria|c__Betaproteobacteria|o__Burkholderiales|f__Oxalobacteraceae,0.07940021080755968,0.04429587881097071,0.05155000148490403,0.06686744789598302,0.04682819945810149,0.03607322683775568,0.05230753717154244,0.06426439897498114,0.06727873599863071,0.049340873261408125,0.07626843922917924,0.08164166382195004,0.09392987441383292,0.09453474215649077,0.08548431060179858,0.08772597552825888,0.08299298169842007
d__Bacteria|p__Proteobacteria|c__Betaproteobacteria|o__Neisseriales|f__Neisseriaceae,0.06959097643070909,0.04800169531071064,0.05690298883682151,0.0911511719513059,0.05376629583410775,0.04459303418134621,0.056337183689781856,0.06491353431816275,0.06258941461247253,0.053365657485148356,0.07586723754990948,0.07967932037505289,0.08519335955768556,0.10907691082605905,0.10486839502272523,0.09725277830055849,0.08191901319147256
d__Bacteria|p__Proteobacteria|c__Betaproteobacteria|o__Neisseriales|f__Chromobacteriaceae,0.03592859539042076,0.017726378563737905,0.023850125153577574,0.0256790319568442,0.0170844696639243,0.015327596663055316,0.022776262929179253,0.023334707336476402,0.025061817630467668,0.022173579751161503,0.027201473854488963,0.033564249372969944,0.034131638548168926,0.047735786467309076,0.04018833955135562,0.035725510396123525,0.03325997853054342
d__Bacteria|p__Proteobacteria|c__Betaproteobacteria|o__Nitrosomonadales|f__Nitrosomonadaceae,0.015615374792153405,0.010502043149082457,0.014152418615343495,0.018139002719777093,0.010209590566970489,0.008942776502492195,0.010005982175724903,0.013751419770031848,0.01456294808256905,0.010633380541733472,0.015386084399994865,0.017967707185652,0.018435527111700784,0.02210068972036879,0.02015645796469107,0.01996425580959844,0.01705131537184342
d__Bacteria|p__Proteobacteria|c__Betaproteobacteria|o__Rhodocyclales|f__Zoogloeaceae,0.02162001573447511,0.013003803746379806,0.013144150449742598,0.024230058366802833,0.015061516734245939,0.012225822831109826,0.017169798208150514,0.02254891192104601,0.017129048952216726,0.016682979050873892,0.022507414207032905,0.03037544127176208,0.031663696498409784,0.030745082809453303,0.030845111199366552,0.030728608942025202,0.022718564570043318
d__Bacteria|p__Proteobacteria|c__Betaproteobacteria|o__Rhodocyclales|f__Rhodocyclaceae,0.01442437163004001,0.011170963094883886,0.01147592493938475,0.015402052605254516,0.008992657945210848,0.0077947173569019815,0.012789747644846814,0.011428198541802864,0.01309102220302495,0.010596114021143285,0.013640857095171457,0.016761683608913128,0.021915325401861172,0.022994937281308567,0.0209537467840608,0.02150535625805867,0.017513947959451576
d__Bacteria|p__Proteobacteria|c__Alphaproteobacteria|o__Hyphomicrobiales|f__Rhizobiaceae,0.1677991121733095,0.09996339670056574,0.1252085740191659,0.16094339987163167,0.09518941793322484,0.0842312867869873,0.12009125300009128,0.12577851399595588,0.10777623652520243,0.10675615931735685,0.1418047335378927,0.16596110880581183,0.18131970239580408,0.2130438355896051,0.1944138955481884,0.19943240803483075,0.14713368545180783
d__Bacteria|p__Proteobacteria|c__Alphaproteobacteria|o__Hyphomicrobiales|f__Bradyrhizobiaceae,0.09367570704233552,0.05596184266574766,0.06447416615306097,0.10086466157343506,0.06157362979708517,0.05399906261977831,0.06679090436753335,0.08676206336893386,0.06756530563889594,0.06898032961243689,0.08732154549306081,0.10206230031622346,0.11974454825431353,0.12521595014016268,0.11448569140637263,0.11689013401502901,0.09754938561566236
d__Bacteria|p__Proteobacteria|c__Alphaproteobacteria|o__Hyphomicrobiales|f__Phyllobacteriaceae,0.06753980431818046,0.032188427791964826,0.04403382061406098,0.06458665613388087,0.03518041579268778,0.03792623458151532,0.043527969153542574,0.05840509837731539,0.049589573658622876,0.04903031892315656,0.06152427751601597,0.07969976145262474,0.07653088296303097,0.0891479651822583,0.08289312193884694,0.08254227401980174,0.059035222697283465
d__Bacteria|p__Proteobacteria|c__Alphaproteobacteria|o__Hyphomicrobiales|f__Methylobacteriaceae,0.04583708003078081,0.029900721577323933,0.03631598611009775,0.04805762406970529,0.02955407795701984,0.025176735648908204,0.03474840113554271,0.03816232517546726,0.03260380952653876,0.03544046108126822,0.044573506566869085,0.050121522206164615,0.0548870311866433,0.06004233623452792,0.05040360254953033,0.05991611743559017,0.05026172612514311
d__Bacteria|p__Proteobacteria|c__Alphaproteobacteria|o__Hyphomicrobiales|f__Hyphomicrobiaceae,0.03784743381827012,0.02464301080332469,0.026361629493347083,0.04491818129128233,0.02421221787708791,0.02316259679699555,0.030777155291480684,0.03074851625597183,0.02928220687801004,0.02991259386039042,0.04361062253662169,0.049855788197730636,0.06159983356198817,0.059488754411089015,0.049980042864240154,0.05529281609020949,0.040298602899153206
d__Bacteria|p__Proteobacteria|c__Alphaproteobacteria|o__Hyphomicrobiales|f__Bartonellaceae,0.024316314559815155,0.014328265239066636,0.030449698601147077,0.02726216976818569,0.016942230786056292,0.0173618769034871,0.022484259558292342,0.019525307822542113,0.010889646330078467,0.019117725062766138,0.02136398942111412,0.021974158389733673,0.016165020425922372,0.03696223251884414,0.026908497653728495,0.03163925920702443,0.018224419433278388
d__Bacteria|p__Proteobacteria|c__Alphaproteobacteria|o__Hyphomicrobiales|f__Stappiaceae,0.01978388585955029,0.010849881520899201,0.013914100685292374,0.01982947190815869,0.012659260130252882,0.010594370361060573,0.013276419929658334,0.017287499139468608,0.01632144360237837,0.014024633915440525,0.01925768060494794,0.019970932787692835,0.02670313297839391,0.029680502379763093,0.023719342376249564,0.025941857549080547,0.021363711992048007
d__Bacteria|p__Proteobacteria|c__Alphaproteobacteria|o__Hyphomicrobiales|f__Xanthobacteraceae,0.01432512136653056,0.008120688142029365,0.009257734975062779,0.01132346027773067,0.007538660527004525,0.007492596529115082,0.009928114610155058,0.01288021180944598,0.014367559691479126,0.010670647062323659,0.014864522216944193,0.017129623005206342,0.01813937406572969,0.01873661556254772,0.017341031821291698,0.014500354219603077,0.019050549054007233
d__Bacteria|p__Proteobacteria|c__Alphaproteobacteria|o__Hyphomicrobiales|f__Brucellaceae,0.011628822541190513,0.00836149932251788,0.00929439927199372,0.014865395720054011,0.008123420358239677,0.006767506542426525,0.009266240302811389,0.011325703487616292,0.011488837396087569,0.007776280629819105,0.012316891553581288,0.011365239129945973,0.013993231422134331,0.01748041065551327,0.014575436229102935,0.017045504960241945,0.01364766133444057
d__Bacteria|p__Proteobacteria|c__Alphaproteobacteria|o__Sphingomonadales|f__Sphingomonadaceae,0.1464106803870231,0.09593649862684113,0.10295334578208429,0.15533533542128639,0.09348255139880873,0.08235813765470852,0.1077492438572711,0.13942743871180116,0.12237826228598946,0.10814744275272385,0.1518548356035999,0.17562973849729463,0.2307279022319821,0.1868338654106321,0.15352792827988426,0.1829706532444601,0.16045089493795683
d__Bacteria|p__Proteobacteria|c__Alphaproteobacteria|o__Sphingomonadales|f__Erythrobacteraceae,0.04004748132606292,0.023746658075950777,0.02375846441125022,0.037297653521435145,0.025286911620979537,0.023021607077361665,0.029239270871476274,0.037427777287130155,0.040666837132182984,0.028993353019165797,0.04365074270454866,0.050285050826739376,0.058391508897301284,0.05493235017201491,0.05162445105419023,0.04926851433713767,0.048460763551954215
d__Bacteria|p__Proteobacteria|c__Alphaproteobacteria|o__Rhodobacterales|f__Rhodobacteraceae,0.18257085972563256,0.10179623735206167,0.12559354913694076,0.19011070158227916,0.11820050750831625,0.09404014299580193,0.11952671314970993,0.15046273954588882,0.11848352035693031,0.13643273188067606,0.1558467923123339,0.20024079589379631,0.20126067415785795,0.26337719830535833,0.2364459654943365,0.22890011660993392,0.16945570780390126
d__Bacteria|p__Proteobacteria|c__Alphaproteobacteria|o__Rhodospirillales|f__Acetobacteraceae,0.08070700594376745,0.047493316151901555,0.061522690250120166,0.07808357679667359,0.04565867979563118,0.04199479506237889,0.059062548484726377,0.06747591067282707,0.060843944985402534,0.05773826256773035,0.07791336611418521,0.087855751403791,0.09212827671750874,0.11248356820106774,0.09196228225917766,0.09127517656107638,0.07729268731539102
d__Bacteria|p__Proteobacteria|c__Alphaproteobacteria|o__Rhodospirillales|f__Rhodospirillaceae,0.07858966698889919,0.040309115933994194,0.05512477043567084,0.07255601087910837,0.04508972428415914,0.04225663311312753,0.056084114101679856,0.06986746193718044,0.054083506653691146,0.06397419367982171,0.0688261480787254,0.0893888322216794,0.08711835435649769,0.11767872069795597,0.10780839754415111,0.09898067880337753,0.07061755997990192
d__Bacteria|p__Proteobacteria|c__Alphaproteobacteria|o__Rickettsiales|f__Anaplasmataceae,0.02638402838292869,0.012053937423341774,0.03066968438273273,0.023344574506221998,0.012169326217596404,0.016677069693836793,0.02602723379172022,0.018004964518774615,0.011723303465395478,0.01857114942744339,0.027562555365831735,0.02916941769502321,0.015572714333980182,0.030702499592265693,0.037024099549481986,0.033320459696253774,0.022404635314166355
d__Bacteria|p__Proteobacteria|c__Alphaproteobacteria|o__Rickettsiales|f__Rickettsiaceae,0.018625966118606712,0.00864244569975448,0.03134797387595515,0.01451656874467368,0.005262838481116367,0.009345604272874727,0.02051810352765379,0.01235065402948202,0.007372655290459823,0.01108057878881572,0.022768195298558242,0.019275936150250098,0.013499643012182504,0.019907654035206952,0.02339544379338061,0.01807290525921543,0.01619214056628542
d__Bacteria|p__Proteobacteria|c__Alphaproteobacteria|o__Caulobacterales|f__Caulobacteraceae,0.03890610329570425,0.022248277397355572,0.022988514175700445,0.04014193501299783,0.022536959982198016,0.020725488786181235,0.028421661432992917,0.03999015364179448,0.03282524970310734,0.03388768939001041,0.04268785867430127,0.04864976462099176,0.05150595057847328,0.05710409424858294,0.05294496066127135,0.05265426532239121,0.048328582812637605
d__Bacteria|p__Spirochaetes|c__Spirochaetia|o__Brachyspirales|f__Brachyspiraceae,1.0093586381805177,0.46000286832872755,0.7021579505244645,1.1286430952651836,0.18653838616401344,0.21879590348327188,0.31180119943304624,0.13269693015354955,0.09099888667694757,0.653841103754838,0.43785145267104025,0.31910566197407664,0.11315514298145662,0.7317500041518636,0.7709035425037161,0.8773531553097682,0.32334713355327105
d__Bacteria|p__Spirochaetes|c__Spirochaetia|o__Spirochaetales|f__Spirochaetaceae,0.1366676128525121,0.0610322558549225,0.10749971860152105,0.1300856289726026,0.06806920521972429,0.07982032270129857,0.08327936137694773,0.10456203777933532,0.07281474041284525,0.08653286081041515,0.09502461773503999,0.1246496910331125,0.11024297136274083,0.1768481009801379,0.19817610216458934,0.1666723485016534,0.09254304011404554
d__Bacteria|p__Spirochaetes|c__Spirochaetia|o__Spirochaetales|f__Borreliaceae,0.02691336312164575,0.011277990286212115,0.0437038419416825,0.015214222695434338,0.006384945184297333,0.011138187851076991,0.0302710161152767,0.011154878397305336,0.010407688298723319,0.01480723084783446,0.03903692339294655,0.0177428553323617,0.01416598736561747,0.02131290020239803,0.024765783951672338,0.027436257983951072,0.02993893745521345
d__Bacteria|p__Spirochaetes|c__Spirochaetia|o__Leptospirales|f__Leptospiraceae,0.020710221652305155,0.013739615686761379,0.027516554846671742,0.016019208023235094,0.01114204543299411,0.010674935915137079,0.021024242703857773,0.011564858614051628,0.010590050797073916,0.012620928306543466,0.01909719993324004,0.020195784640983133,0.01623905868741515,0.024400183448499643,0.023320697966564698,0.02017440587075211,0.017778309438084807
d__Bacteria|p__Planctomycetes|c__Planctomycetia|o__Planctomycetales|f__Planctomycetaceae,0.04229715396561044,0.02436206442608809,0.03175128114219551,0.04687697892226418,0.027641755265683257,0.025962249801154143,0.03067982083451838,0.036266166673015666,0.02691149439945229,0.029664150389789173,0.034262623409636546,0.04302846828873431,0.047804037503834565,0.05363356204779285,0.05344326617337743,0.05279436536316032,0.03524268962029265
d__Bacteria|p__Planctomycetes|c__Planctomycetia|o__Pirellulales|f__Pirellulaceae,0.020114720071248454,0.011077314302471686,0.015472333304857396,0.017978005654216943,0.010746937438916304,0.010272108144754547,0.01446390030459845,0.015288845582830439,0.01901780339941933,0.012732727868314028,0.017733114223722896,0.022485185329029805,0.024037755564654033,0.020738026770365316,0.02364459654943365,0.02010435585036755,0.023049016418334855
d__Bacteria|p__Planctomycetes|c__Planctomycetia|o__Pirellulales|f__Lacipirellulaceae,0.012191240701077395,0.012160964614670004,0.01164091427557399,0.016046040867495122,0.013417867478882267,0.01095691535440485,0.012828681427631735,0.012709386719135025,0.011254371326779658,0.010037116212290474,0.01392169827066028,0.015596542187317947,0.022458272652808184,0.018225616956296417,0.012482553078257385,0.019287105612547734,0.018753142390544847
d__Bacteria|p__Planctomycetes|c__Planctomycetia|o__Gemmatales|f__Gemmataceae,0.016243959794379922,0.011826504641769289,0.01250252525345112,0.013255425064452491,0.009609026415972225,0.008842069559896562,0.012283608468642827,0.012863129300414883,0.013586006127119427,0.011043312268225533,0.014342960033893518,0.01913284860724718,0.022310196129822636,0.02156839950552368,0.017565269301739437,0.020267805897931517,0.01910011683125096
d__Bacteria|p__Verrucomicrobia|c__Verrucomicrobiae|o__Verrucomicrobiales|f__Akkermansiaceae,0.03811210118762865,0.03559991951555212,0.03226458129922869,0.09963035073747388,0.05351342671789795,0.033193008279520576,0.03979032600619008,0.07880161416044337,0.05496926735996546,0.03599945889012103,0.06363058633218216,0.06535012499718935,0.08840168422237243,0.08265402456114801,0.0568317436556988,0.09167212667658886,0.06078661749322863
d__Bacteria|p__Verrucomicrobia|c__Opitutae|o__Opitutales|f__Opitutaceae,0.018890633487965245,0.019612732810897936,0.019285420185675334,0.03576818139861371,0.023832914202773215,0.01840922910648168,0.019525292066638285,0.022873479592636824,0.022508742653559316,0.01791277423035008,0.020882547405990423,0.026552959765827017,0.030331007791539848,0.03276778562586471,0.01781442205779248,0.03460471006997063,0.029558917829678177
d__Bacteria|p__Fusobacteria|c__Fusobacteriia|o__Fusobacteriales|f__Fusobacteriaceae,0.08411459832425855,0.0485903448630159,0.12783007124972823,0.12490689003041772,0.03483272075789932,0.08445284206069768,0.0717938954553958,0.0891877796513494,0.030350330082634963,0.051390531893868434,0.071072877482636,0.07397625973250806,0.03919091975017516,0.08416572877130811,0.09191245170796705,0.08123467363929003,0.06357893561129213
d__Bacteria|p__Fusobacteria|c__Fusobacteriia|o__Fusobacteriales|f__Leptotrichiaceae,0.05253647281766866,0.02371990127811872,0.06124770802313811,0.05291436888076986,0.016689361669846497,0.03498559185772284,0.03605268285883759,0.03836731528384041,0.0177152141254865,0.024583481415993626,0.0352856876917744,0.036446441310600125,0.022976540483257604,0.045968582954023327,0.05072750113239928,0.04408481282868053,0.030665931521454835
d__Bacteria|p__Thermotogae|c__Thermotogae|o__Thermotogales|f__Fervidobacteriaceae,0.01328299359968134,0.006849740245006647,0.018515469950125558,0.016770527662515803,0.00564214215543106,0.010916632577366598,0.011991605097755915,0.01329019202619227,0.009052995453833175,0.009776250568159162,0.014001938606514233,0.014615370463869374,0.010710868495954673,0.018055284087545986,0.02005679686226985,0.016812004892293425,0.011582337282618448
d__Bacteria|p__Thermotogae|c__Thermotogae|o__Petrotogales|f__Petrotogaceae,0.017219920718889507,0.007652444179968363,0.01616895494654529,0.01988313759667874,0.006969705015532486,0.012084833111475938,0.011135061876487636,0.01942281276835554,0.007815535643596985,0.010782446624094222,0.013440256255536583,0.013572875507705265,0.010587471393466715,0.020887068030521948,0.01831272756989856,0.019870855782419032,0.011747563206764218
d__Bacteria|p__Acidobacteria|c__Acidobacteriia|o__Acidobacteriales|f__Acidobacteriaceae,0.027376531018023186,0.021351924669981658,0.023941785895904927,0.03485586469377285,0.024480891313060818,0.02000039879949268,0.02520962435323687,0.02733201444975274,0.021831396231114245,0.02114253934816632,0.024834383946797444,0.03560835713015447,0.03252747621582548,0.040177265416508574,0.027082904582965625,0.0407457618570167,0.029525872644849023
d__Bacteria|p__Synergistetes|c__Synergistia|o__Synergistales|f__Synergistaceae,0.03778126697593049,0.015585834737173326,0.024216768122886992,0.021144281276899927,0.011489740467782578,0.01454208251080938,0.019992497460057344,0.020225690692817027,0.01772824001822583,0.0247573918454145,0.020220564635195337,0.02796339411828434,0.024185832087639584,0.053186438267322965,0.05977174617712469,0.03857421122509547,0.02156198310102293
d__Bacteria|p__Deferribacteres|c__Deferribacteres|o__Deferribacterales|f__Deferribacteraceae,0.021173389548682586,0.011505423067784602,0.03965243713081344,0.02168093816210043,0.010162177607681152,0.017583432177197492,0.02162771633702406,0.01422973002290252,0.013234307023157562,0.015639516474348646,0.03073204863206275,0.041945091177426515,0.015548034913482589,0.06523748873141616,0.05862564349928069,0.029934708711000235,0.020537582371319158
d__Eukaryota|k__Metazoa|p__Chordata|c__Dipnotetrapodomorpha|c__Mammalia,12.847218776032518,19.460540144829196,28.094475827045713,1.239328577837788,18.85374745708495,31.565725076894786,10.22484843565034,7.746712855493419,3.257150531254523,12.964711958987946,8.84828237537071,9.920279797469805,5.689939113401691,7.6884211548313,3.2727709424103337,4.228709580554487,7.9519437095103545
d__Archaea|p__Euryarchaeota|c__Methanomicrobia|o__Methanosarcinales|f__Methanosarcinaceae,0.028964535234174377,0.01478313080221161,0.03726925783030224,0.02299574753084167,0.014081648908932981,0.01583113137603348,0.021082643378035157,0.01663836379628698,0.011111086506647048,0.01576373820964927,0.01879629867378773,0.018805791366097654,0.012660542715264395,0.031021873721172762,0.02705798930736032,0.027482957997540778,0.018951413499519773
d__Archaea|p__Euryarchaeota|c__Methanobacteria|o__Methanobacteriales|f__Methanobacteriaceae,0.033000712616892,0.013779750883509464,0.04808522542493004,0.021305278342460078,0.00858174563136993,0.011863277837765546,0.029940078961604867,0.01651878623306931,0.012231313282229282,0.01142839964765747,0.027000873014854092,0.01886711459881319,0.017571747394285086,0.0171184533094186,0.015098657016814322,0.02313985673369831,0.024189075294940666
d__Archaea|p__Euryarchaeota|c__Thermococci|o__Thermococcales|f__Thermococcaceae,0.013431868994945514,0.00921771685314371,0.014537393733118383,0.017280351703456286,0.00943517889857799,0.01003041148252503,0.01016171730686459,0.01404182242356047,0.007033982079237288,0.009080608850475664,0.010130342401561156,0.01177406068138288,0.007724658615746113,0.017970117653170768,0.015098657016814322,0.018329755333958805,0.010409233221183483
d__Archaea|p__Crenarchaeota|c__Thermoprotei|o__Sulfolobales|f__Sulfolobaceae,0.01922146769966341,0.008682580896502565,0.03308952798017488,0.009579325400829028,0.004757100248696776,0.008358676235437524,0.017773271841316805,0.007875036663335009,0.005809548161740426,0.0062235089385612955,0.017913654979394282,0.01003656908777603,0.007774017456741294,0.010390304993776463,0.008471193705803414,0.013519653934219295,0.01341634504063649
d__Viruses|k__Pararnavirae|p__Artverviricota|c__Revtraviricetes|o__Ortervirales,0.021355348365116576,0.04453668999145923,0.04467544581035246,0.00016099706556015173,0.04178662145366869,0.07218673645254961,0.006618743073436706,0.015801320853763304,0.002396764264036409,0.027477847848498178,0.004192557548368875,0.015678306497605328,0.00560222845295325,0.01154005185784189,0.0033884774823213664,0.000980700285383783,0.006856875852049438
