Kingdom	Phylum	Class	Order	Family	Genus	p-values	p-values (corrected)	Effect size	Note	Control: mean rel. freq. (%)	Control: std. dev. (%)	DSS: mean rel. freq. (%)	DSS: std. dev. (%)	RCE: mean rel. freq. (%)	RCE: std. dev. (%)	RCE_plus_DSS: mean rel. freq. (%)	RCE_plus_DSS: std. dev. (%)	Control_327	Control_327: parent seq. count	Control_327: rel. freq. (%)	Control_328	Control_328: parent seq. count	Control_328: rel. freq. (%)	Control_330	Control_330: parent seq. count	Control_330: rel. freq. (%)	DSS_334	DSS_334: parent seq. count	DSS_334: rel. freq. (%)	DSS_339	DSS_339: parent seq. count	DSS_339: rel. freq. (%)	DSS_treatedp	DSS_treatedp: parent seq. count	DSS_treatedp: rel. freq. (%)	RCE_318	RCE_318: parent seq. count	RCE_318: rel. freq. (%)	RCE_319	RCE_319: parent seq. count	RCE_319: rel. freq. (%)	RCE_322	RCE_322: parent seq. count	RCE_322: rel. freq. (%)	RCE_plus_DSS_301	RCE_plus_DSS_301: parent seq. count	RCE_plus_DSS_301: rel. freq. (%)	RCE_plus_DSS_305	RCE_plus_DSS_305: parent seq. count	RCE_plus_DSS_305: rel. freq. (%)	RCE_plus_DSS_313	RCE_plus_DSS_313: parent seq. count	RCE_plus_DSS_313: rel. freq. (%)	
k__(null)	p__(null)	c__(null)	o__(null)	f__(null)	g__(null)	0.214616028972	0.214616028972	0.410947735128		4.20783651278	1.0764867056	5.44104823086	3.32616716696	2.2844202316	0.414785641399	1.76285231634	0.367417396059	534676.0	19438122.0	2.75065667352	885350.0	19438110.0	4.55471236658	1033746.0	19438110.0	5.31814049823	235895.0	19438101.0	1.21357019392	1121256.0	19438115.0	5.7683371047	1815760.0	19438110.0	9.34123739396	369574.0	19438098.0	1.90128684401	556059.0	19438102.0	2.86066509992	406511.0	19438115.0	2.09130875087	442647.0	19438095.0	2.27721389365	305071.0	19438108.0	1.56944801418	280277.0	19438100.0	1.44189504118	
k__Bacteria	p__Bacteroidetes	c__Bacteroidia	o__Bacteroidales	f__Odoribacteraceae	g__Odoribacter	0.000199085942677	0.000199085942677	0.904210704573		0.221492693886	0.0819049253373	1.74352877462	0.337836598238	0.381331754119	0.113875110944	1.21549763856	0.171302110835	31686.0	19438122.0	0.16300957469	31907.0	19438110.0	0.164146617135	65569.0	19438110.0	0.337321889834	431595.0	19438101.0	2.22035578475	297625.0	19438115.0	1.5311412655	287507.0	19438110.0	1.4790892736	51484.0	19438098.0	0.264861304846	104166.0	19438102.0	0.535885653857	66721.0	19438115.0	0.343248303655	217471.0	19438095.0	1.11878761782	283060.0	19438108.0	1.4562116848	208278.0	19438100.0	1.07149361306	
k__Bacteria	p__Bacteroidetes	c__Bacteroidia	o__Bacteroidales	f__Odoribacteraceae	g__(Odoribacteraceae)	0.000478966632558	0.000478966632558	0.880389956806		0.213376338856	0.082195878683	1.77975315886	0.382039511893	0.364672057802	0.154601499725	1.2250613218	0.214174765378	28538.0	19438122.0	0.146814594537	31903.0	19438110.0	0.164126039003	63988.0	19438110.0	0.329188383027	450284.0	19438101.0	2.31650200809	304173.0	19438115.0	1.56482765947	283394.0	19438110.0	1.45792980902	52797.0	19438098.0	0.271616080956	113235.0	19438102.0	0.582541443604	46624.0	19438115.0	0.239858648845	218505.0	19438095.0	1.12410706913	296013.0	19438108.0	1.5228488287	199868.0	19438100.0	1.02822806756	
k__Bacteria	p__Firmicutes	c__Clostridia	o__Clostridiales	f__Oscillospiraceae	g__(Oscillospiraceae)	0.000525257006396	0.000525257006396	0.877560747473		0.0175668611323	0.00492425275587	0.00612371014859	0.00173305737328	0.00776310269684	0.00338963892644	0.0295536417101	0.00316139003638	4258.0	19438122.0	0.0219054083517	2076.0	19438110.0	0.0106800506839	3910.0	19438110.0	0.0201151243614	1615.0	19438101.0	0.00830842477874	791.0	19438115.0	0.0040693246233	1165.0	19438110.0	0.00599338104373	982.0	19438098.0	0.00505193460801	2438.0	19438102.0	0.0125423768226	1107.0	19438115.0	0.00569499665991	6479.0	19438095.0	0.0333314555773	5780.0	19438108.0	0.0297354042893	4975.0	19438100.0	0.0255940652636	
k__Bacteria	p__Firmicutes	c__Clostridia	o__Clostridiales	f__Oscillospiraceae	g__Oscillibacter	0.00122756862533	0.00122756862533	0.848109712972		0.473795939697	0.135289644281	0.194046675058	0.0619505967323	0.221907787428	0.0995291402884	0.808518612433	0.107985425963	116950.0	19438122.0	0.601652772835	55710.0	19438110.0	0.286601938151	103631.0	19438110.0	0.533133108106	52804.0	19438101.0	0.271652050784	23332.0	19438115.0	0.120032215058	37021.0	19438110.0	0.190455759331	29268.0	19438098.0	0.150570287278	70494.0	19438102.0	0.362658864533	29642.0	19438115.0	0.152494210473	165072.0	19438095.0	0.849219020691	177983.0	19438108.0	0.915639526234	128427.0	19438100.0	0.660697290373	
k__Bacteria	p__Firmicutes	c__Bacilli	o__Lactobacillales	f__Lactobacillaceae	g__Lactobacillus	0.00330806609609	0.00330806609609	0.804396896309		0.904988294428	0.264133822671	0.149179432551	0.167732434203	0.181475176372	0.0373564989848	0.104221436537	0.0823656513715	226010.0	19438122.0	1.16271520469	196381.0	19438110.0	1.01028855172	105347.0	19438110.0	0.541961126879	12450.0	19438101.0	0.0640494665605	74543.0	19438115.0	0.383488831093	0.0	19438110.0	0.0	35366.0	19438098.0	0.181941669396	44123.0	19438102.0	0.22699232672	26337.0	19438115.0	0.135491533001	39145.0	19438095.0	0.201382903006	21631.0	19438108.0	0.111281406606	0.0	19438100.0	0.0	
k__Bacteria	p__Bacteroidetes	c__Bacteroidia	o__Bacteroidales	f__Odoribacteraceae	g__Butyricimonas	0.00587967215678	0.00587967215678	0.773298845127		0.0	0.0	0.0818718228841	0.010078943585	0.0231212405798	0.0326983720069	0.0633515254428	0.00710976286285	0.0	19438122.0	0.0	0.0	19438110.0	0.0	0.0	19438110.0	0.0	18667.0	19438101.0	0.0960330435571	14265.0	19438115.0	0.0733867455769	14811.0	19438110.0	0.0761956795182	0.0	19438098.0	0.0	0.0	19438102.0	0.0	13483.0	19438115.0	0.0693637217395	11924.0	19438095.0	0.0613434598401	10851.0	19438108.0	0.0558233342463	14168.0	19438100.0	0.0728877822421	
k__Bacteria	p__Proteobacteria	c__Gammaproteobacteria	o__Enterobacterales	f__Enterobacteriaceae	g__Klebsiella	0.0066396219308	0.0066396219308	0.766096413928		0.02876821125	0.040684394515	0.0	0.0	0.106070012066	0.0197313043271	0.100054353557	0.0220972490353	16776.0	19438122.0	0.0863046337501	0.0	19438110.0	0.0	0.0	19438110.0	0.0	0.0	19438101.0	0.0	0.0	19438115.0	0.0	0.0	19438110.0	0.0	17575.0	19438098.0	0.0904152247818	26028.0	19438102.0	0.133901962239	18251.0	19438115.0	0.093892849178	21476.0	19438095.0	0.110484077786	23394.0	19438108.0	0.120351219368	13476.0	19438100.0	0.069327763516	
k__Bacteria	p__Firmicutes	c__Clostridia	o__Clostridiales	f__Ruminococcaceae	g__Anaerotruncus	0.00955012067196	0.00955012067196	0.743106417309		0.210172985638	0.0751034383207	0.0	0.0	0.0380867089458	0.0538627403373	0.0992758127729	0.0141040406082	51161.0	19438122.0	0.263199294664	20208.0	19438110.0	0.103960724577	51192.0	19438110.0	0.263358937674	0.0	19438101.0	0.0	0.0	19438115.0	0.0	0.0	19438110.0	0.0	0.0	19438098.0	0.0	22210.0	19438102.0	0.114260126837	0.0	19438115.0	0.0	18468.0	19438095.0	0.0950093103259	22992.0	19438108.0	0.118283116855	16432.0	19438100.0	0.0845350111379	
k__Bacteria	p__Firmicutes	c__Clostridia	o__Clostridiales	f__Lachnospiraceae	g__(Lachnospiraceae bacterium M18-1)	0.0110765623087	0.0110765623087	0.733063614135		0.0450369415674	0.0328190401927	0.0	0.0	0.0	0.0	0.0696141351395	0.0151500567445	15020.0	19438122.0	0.0772708392303	0.0	19438110.0	0.0	11243.0	19438110.0	0.0578399854718	0.0	19438101.0	0.0	0.0	19438115.0	0.0	0.0	19438110.0	0.0	0.0	19438098.0	0.0	0.0	19438102.0	0.0	0.0	19438115.0	0.0	11225.0	19438095.0	0.0577474284388	17688.0	19438108.0	0.0909965105657	11682.0	19438100.0	0.0600984664139	
k__Bacteria	p__Bacteroidetes	c__Bacteroidia	o__Bacteroidales	f__Bacteroidaceae	g__Bacteroides	0.0111871135372	0.0111871135372	0.732376491515		5.28119167079	1.75773955532	15.2228486162	3.3205328399	7.82491553811	1.24714262878	8.48790415698	2.0180299717	747009.0	19438122.0	3.84301014265	1507656.0	19438110.0	7.75618617242	825027.0	19438110.0	4.24437869731	2533924.0	19438101.0	13.0358618879	3871138.0	19438115.0	19.9151923939	2472040.0	19438110.0	12.7174915668	1662274.0	19438098.0	8.55162886822	1179856.0	19438102.0	6.06981072535	1720916.0	19438115.0	8.85330702077	1550387.0	19438095.0	7.9760233706	1227002.0	19438108.0	6.31235303354	2172273.0	19438100.0	11.1753360668	
k__Bacteria	p__Proteobacteria	c__Deltaproteobacteria	o__Desulfovibrionales	f__Desulfovibrionaceae	g__Desulfovibrio	0.012284132543	0.012284132543	0.725812666016		0.0651657805972	0.046081945517	0.0787010895408	0.0599036725197	0.231536656669	0.0718359766191	0.266704717344	0.0354386059348	18880.0	19438122.0	0.0971287246782	0.0	19438110.0	0.0	19121.0	19438110.0	0.0983686171135	28225.0	19438101.0	0.145204513548	0.0	19438115.0	0.0	17669.0	19438110.0	0.0908987550744	61140.0	19438098.0	0.314536946979	46801.0	19438102.0	0.240769391991	27078.0	19438115.0	0.139303631036	52799.0	19438095.0	0.27162641195	59760.0	19438108.0	0.307437328777	42968.0	19438100.0	0.221050411306	
k__Bacteria	p__Firmicutes	c__(Firmicutes bacterium ASF500)	o__(Firmicutes bacterium ASF500)	f__(Firmicutes bacterium ASF500)	g__(Firmicutes bacterium ASF500)	0.0147765311836	0.0147765311836	0.712350114882		0.218193309491	0.0551956177976	0.102986700058	0.0364542918327	0.129374757006	0.0620091878444	0.407243128403	0.121382285141	54209.0	19438122.0	0.278879821826	28250.0	19438110.0	0.145333059644	44779.0	19438110.0	0.230367047002	16500.0	19438101.0	0.0848848352007	13652.0	19438115.0	0.0702331476072	29904.0	19438110.0	0.153842117366	15936.0	19438098.0	0.0819833298505	42175.0	19438102.0	0.216970772146	17333.0	19438115.0	0.089170169021	86586.0	19438095.0	0.445444885417	103620.0	19438108.0	0.53307657309	47275.0	19438100.0	0.243207926701	
k__Bacteria	p__Firmicutes	c__Clostridia	o__Clostridiales	f__Ruminococcaceae	g__(Ruminococcaceae)	0.015070601254	0.015070601254	0.710873612207		0.488668778768	0.132750000018	0.276983400612	0.0204194494162	0.425912593118	0.082151916244	0.657661962658	0.0743203737547	122691.0	19438122.0	0.631187519041	60565.0	19438110.0	0.311578646278	101708.0	19438110.0	0.523240170984	59432.0	19438101.0	0.305750031858	51470.0	19438115.0	0.264789049761	50619.0	19438110.0	0.260411120217	79519.0	19438098.0	0.409088378914	103776.0	19438102.0	0.533879285128	65073.0	19438115.0	0.334770115312	107605.0	19438095.0	0.553577909769	140413.0	19438108.0	0.722359398353	135493.0	19438100.0	0.697048579851	
k__Bacteria	p__Firmicutes	c__Clostridia	o__Clostridiales	f__(Flavonifractor)	g__Flavonifractor	0.0176905662387	0.0176905662387	0.698563263856		0.0594141919045	0.0430360034298	0.0	0.0	0.0260707895589	0.036869664176	0.123319656809	0.0215399011624	19545.0	19438122.0	0.100549837068	0.0	19438110.0	0.0	15102.0	19438110.0	0.0776927386459	0.0	19438101.0	0.0	0.0	19438115.0	0.0	0.0	19438110.0	0.0	0.0	19438098.0	0.0	15203.0	19438102.0	0.0782123686767	0.0	19438115.0	0.0	24870.0	19438095.0	0.12794463655	28590.0	19438108.0	0.147082216026	18453.0	19438100.0	0.094932117851	
k__Bacteria	p__Proteobacteria	c__Deltaproteobacteria	o__Desulfovibrionales	f__Desulfovibrionaceae	g__Bilophila	0.0177218530378	0.0177218530378	0.698424514531		0.0	0.0	0.0	0.0	0.0244314027021	0.034551221049	0.0648280074469	0.00431092600118	0.0	19438122.0	0.0	0.0	19438110.0	0.0	0.0	19438110.0	0.0	0.0	19438101.0	0.0	0.0	19438115.0	0.0	0.0	19438110.0	0.0	14247.0	19438098.0	0.0732942081062	0.0	19438102.0	0.0	0.0	19438115.0	0.0	13500.0	19438095.0	0.0694512502383	11483.0	19438108.0	0.0590746794904	12821.0	19438100.0	0.0659580926119	
k__Bacteria	p__Firmicutes	c__Clostridia	o__Clostridiales	f__Lachnospiraceae	g__Butyrivibrio	0.0189299417364	0.0189299417364	0.693197692611		0.0623791555815	0.0464388119711	0.0	0.0	0.0230492325502	0.0325965372748	0.120802263285	0.0221599658087	21646.0	19438122.0	0.111358494406	0.0	19438110.0	0.0	14730.0	19438110.0	0.0757789723384	0.0	19438101.0	0.0	0.0	19438115.0	0.0	0.0	19438110.0	0.0	0.0	19438098.0	0.0	13441.0	19438102.0	0.0691476976507	0.0	19438115.0	0.0	23512.0	19438095.0	0.12095835523	28742.0	19438108.0	0.147864185136	18191.0	19438100.0	0.0935842494894	
k__Bacteria	p__Proteobacteria	c__Alphaproteobacteria	o__(Alphaproteobacteria)	f__(Alphaproteobacteria)	g__(Alphaproteobacteria)	0.0220194298629	0.0220194298629	0.680850229662		0.0362535186118	0.0327927711466	0.0254054208378	0.000445608615505	0.117156491281	0.0272085086929	0.0860474929753	0.0280427663541	5702.0	19438122.0	0.02933410954	0.0	19438110.0	0.0	15439.0	19438110.0	0.0794264462954	4816.0	19438101.0	0.0247760828077	4994.0	19438115.0	0.0256917916166	5005.0	19438110.0	0.0257483880892	25084.0	19438098.0	0.129045547563	27778.0	19438102.0	0.142904898842	15457.0	19438115.0	0.0795190274366	12637.0	19438095.0	0.0650115147601	24430.0	19438108.0	0.125680956192	13111.0	19438100.0	0.067450007974	
k__Bacteria	p__Firmicutes	c__Clostridia	o__Clostridiales	f__Lachnospiraceae	g__Blautia	0.0223020805053	0.0223020805053	0.679784674591		0.162224222461	0.0781390974854	0.0	0.0	0.0781540534658	0.0186244616582	0.149393872727	0.0379940707772	51145.0	19438122.0	0.263116982186	14139.0	19438110.0	0.0727385532853	29316.0	19438110.0	0.150817131913	0.0	19438101.0	0.0	0.0	19438115.0	0.0	0.0	19438110.0	0.0	12341.0	19438098.0	0.0634887219933	20300.0	19438102.0	0.104434064602	12934.0	19438115.0	0.0665393738024	27501.0	19438095.0	0.141479913541	38755.0	19438108.0	0.199376400213	20862.0	19438100.0	0.107325304428	
k__Bacteria	p__Firmicutes	c__Bacilli	o__(Bacilli)	f__(Bacilli)	g__(Bacilli)	0.0306322538348	0.0306322538348	0.652013021299		0.123693404968	0.039777512905	0.0363375474387	0.0311755267536	0.0424406942753	0.0109297228912	0.0388703954585	0.0138923148563	31812.0	19438122.0	0.163657785459	26824.0	19438110.0	0.137996955465	13495.0	19438110.0	0.0694254739787	2912.0	19438101.0	0.0149808872791	15632.0	19438115.0	0.0804193204948	2646.0	19438110.0	0.0136124345422	6184.0	19438098.0	0.0318138122362	11172.0	19438102.0	0.0574747472773	7393.0	19438115.0	0.0380335233123	10128.0	19438095.0	0.0521038712899	8714.0	19438108.0	0.044829465913	3825.0	19438100.0	0.0196778491725	
k__Bacteria	p__Firmicutes	c__Clostridia	o__Clostridiales	f__Lachnospiraceae	g__(Lachnospiraceae bacterium 10-1)	0.032988782257	0.032988782257	0.645163669288		0.201993166202	0.0958140936573	0.228712304354	0.223696246197	0.25091778396	0.135090449952	0.81354820271	0.254959487278	62337.0	19438122.0	0.320694560925	16726.0	19438110.0	0.0860474603755	38728.0	19438110.0	0.199237477306	103479.0	19438101.0	0.53235138556	0.0	19438115.0	0.0	29893.0	19438110.0	0.153785527502	13189.0	19438098.0	0.0678512887423	75764.0	19438102.0	0.389770565048	57368.0	19438115.0	0.29513149809	129630.0	19438095.0	0.666886338399	227842.0	19438108.0	1.1721408277	116943.0	19438100.0	0.601617442034	
k__Bacteria	p__Bacteroidetes	c__Bacteroidia	o__Bacteroidales	f__Muribaculaceae	g__Muribaculum	0.0351734036223	0.0351734036223	0.639120752191		1.7515606412	0.966013947873	1.14049170709	0.517992820529	4.07616544451	1.50181094176	0.961222203805	0.193756776688	238997.0	19438122.0	1.22952721461	603731.0	19438110.0	3.10591410379	178683.0	19438110.0	0.919240605182	339711.0	19438101.0	1.74765528793	231675.0	19438115.0	1.19185939583	93684.0	19438110.0	0.481960437512	1054822.0	19438098.0	5.42657002758	385126.0	19438102.0	1.98129426422	937040.0	19438115.0	4.82063204174	212181.0	19438095.0	1.0915730168	133601.0	19438108.0	0.687314835374	214748.0	19438100.0	1.10477875924	
k__Bacteria	p__Firmicutes	c__Clostridia	o__Clostridiales	f__Lachnospiraceae	g__Lachnoclostridium	0.0373687498326	0.0373687498326	0.633313199645		0.307934512295	0.105746316535	0.0756075043655	0.0537450114628	0.158036671191	0.0461893689163	0.351538089574	0.112073871294	84744.0	19438122.0	0.435968042592	34404.0	19438110.0	0.176992516248	60422.0	19438110.0	0.310842978047	20735.0	19438101.0	0.106671942902	0.0	19438115.0	0.0	23355.0	19438110.0	0.120150570194	23611.0	19438098.0	0.121467645651	43385.0	19438102.0	0.223195659741	25162.0	19438115.0	0.129446708181	62997.0	19438095.0	0.324090400834	97278.0	19438108.0	0.50044994091	44722.0	19438100.0	0.230073926978	
k__Bacteria	p__Firmicutes	c__Clostridia	o__Clostridiales	f__Lachnospiraceae	g__Dorea	0.0380513871868	0.0380513871868	0.631557225844		0.296837749489	0.13925809475	0.0208559371256	0.029494749139	0.154761322794	0.0266453444171	0.277904359328	0.0871527826167	89413.0	19438122.0	0.459987852736	23274.0	19438110.0	0.119733863014	60412.0	19438110.0	0.310791532716	0.0	19438101.0	0.0	0.0	19438115.0	0.0	12162.0	19438110.0	0.0625678113767	32388.0	19438098.0	0.166621240411	34951.0	19438102.0	0.179806649847	22909.0	19438115.0	0.117856078123	51043.0	19438095.0	0.262592604882	76095.0	19438108.0	0.391473285363	34920.0	19438100.0	0.17964718774	
k__Bacteria	p__Bacteroidetes	c__Bacteroidia	o__Bacteroidales	f__Rikenellaceae	g__(Rikenellaceae)	0.0396533231987	0.0396533231987	0.627523181181		0.274827762139	0.0851878302861	0.177961393965	0.0742636245394	0.581560468489	0.125092161962	0.253896578409	0.167206658185	51600.0	19438122.0	0.265457743294	34113.0	19438110.0	0.17549545712	74551.0	19438110.0	0.383530086001	17617.0	19438101.0	0.090631281317	52901.0	19438115.0	0.272150874712	33259.0	19438110.0	0.171102025866	91129.0	19438098.0	0.468816444901	146951.0	19438102.0	0.755994592476	101053.0	19438115.0	0.519870368089	57864.0	19438095.0	0.297683492132	5979.0	19438108.0	0.0307591664785	84215.0	19438100.0	0.433247076618	
k__Bacteria	p__Firmicutes	c__Clostridia	o__Clostridiales	f__Lachnospiraceae	g__Acetatifactor	0.0401449752715	0.0401449752715	0.626308474512		0.282755449741	0.131061316337	0.142572166629	0.030299479844	0.158271608867	0.0727593789802	0.594060042995	0.234691185529	87383.0	19438122.0	0.449544457021	25143.0	19438110.0	0.12934899535	52361.0	19438110.0	0.269372896851	22079.0	19438101.0	0.11358619857	25218.0	19438115.0	0.12973480196	35843.0	19438110.0	0.184395499357	20673.0	19438098.0	0.106352998117	50766.0	19438102.0	0.261167474067	20856.0	19438115.0	0.107294354417	107464.0	19438095.0	0.552852530045	174919.0	19438108.0	0.89987667524	64039.0	19438100.0	0.329450923701	
k__Bacteria	p__Firmicutes	c__Clostridia	o__Clostridiales	f__Ruminococcaceae	g__Ruminococcus	0.0413222747982	0.0413222747982	0.623442325907		0.0911336616442	0.0645688559099	0.711425434491	0.396107121207	0.0453507926511	0.0641357060316	0.491349423473	0.147509515043	25606.0	19438122.0	0.131730832845	0.0	19438110.0	0.0	27538.0	19438110.0	0.141670152088	84561.0	19438101.0	0.435027063601	247173.0	19438115.0	1.27158934907	83129.0	19438110.0	0.427659890802	0.0	19438098.0	0.0	26446.0	19438102.0	0.136052377953	0.0	19438115.0	0.0	60982.0	19438095.0	0.313724158669	94357.0	19438108.0	0.485422758223	131188.0	19438100.0	0.674901353527	
k__Bacteria	p__Firmicutes	c__(Firmicutes)	o__(Firmicutes)	f__(Firmicutes)	g__(Firmicutes)	0.0426909475413	0.0426909475413	0.620182591688		6.13121331128	2.14899979943	3.60617239905	0.896839524316	4.21917001209	1.48134463727	9.1823300792	1.9834321139	1679225.0	19438122.0	8.63882323611	659028.0	19438110.0	3.39039134978	1237124.0	19438110.0	6.36442534794	842970.0	19438101.0	4.33668906237	455436.0	19438115.0	2.3430049673	804509.0	19438110.0	4.13882316748	613060.0	19438098.0	3.15390939998	1227323.0	19438102.0	6.31400637778	619997.0	19438115.0	3.1895942585	1738375.0	19438095.0	8.94313460244	2278589.0	19438108.0	11.7222777032	1337648.0	19438100.0	6.881577932	
k__Bacteria	p__Firmicutes	c__Clostridia	o__Clostridiales	f__Lachnospiraceae	g__Roseburia	0.0444207941519	0.0444207941519	0.616167547533		0.357354601871	0.121574505021	0.112673859506	0.0490853256889	0.165415646084	0.0182304428602	0.358068216464	0.11458708972	94266.0	19438122.0	0.484954256383	37663.0	19438110.0	0.193758549571	76460.0	19438110.0	0.39335099966	19837.0	19438101.0	0.102052150053	11386.0	19438115.0	0.0585756386357	34482.0	19438110.0	0.177393789828	29377.0	19438098.0	0.151131041731	37155.0	19438102.0	0.191145205432	29929.0	19438115.0	0.153970691088	59520.0	19438095.0	0.306202845495	100487.0	19438108.0	0.516958749277	48798.0	19438100.0	0.25104305462	
k__Bacteria	p__Actinobacteria <phylum>	c__Coriobacteriia	o__(Coriobacteriia)	f__(Coriobacteriia)	g__(Coriobacteriia)	0.0497956188894	0.0497956188894	0.604362434761		0.0199556315163	0.028221524736	0.0205850012475	0.0291115879456	0.0818889798749	0.0158383068604	0.0658980703418	0.00845043181975	11637.0	19438122.0	0.0598668945488	0.0	19438110.0	0.0	0.0	19438110.0	0.0	12004.0	19438101.0	0.0617550037424	0.0	19438115.0	0.0	0.0	19438110.0	0.0	16266.0	19438098.0	0.0836810268165	11985.0	19438102.0	0.0616572543965	19502.0	19438115.0	0.100328658412	12015.0	19438095.0	0.061811612712	11316.0	19438108.0	0.0582155423769	15097.0	19438100.0	0.0776670559365	
k__Bacteria	p__Firmicutes	c__Clostridia	o__Clostridiales	f__(Pseudoflavonifractor)	g__Pseudoflavonifractor	0.0510707073285	0.0510707073285	0.601695995347		0.0810778214993	0.0119090652127	0.0292826823184	0.0414119664773	0.0418044930518	0.059120481042	0.152777265225	0.0280333227335	18813.0	19438122.0	0.0967840411743	13210.0	19438110.0	0.0679592820495	15257.0	19438110.0	0.078490141274	0.0	19438101.0	0.0	0.0	19438115.0	0.0	17076.0	19438110.0	0.0878480469552	0.0	19438098.0	0.0	24378.0	19438102.0	0.125413479156	0.0	19438115.0	0.0	29921.0	19438095.0	0.153929693213	36256.0	19438108.0	0.186520210712	22914.0	19438100.0	0.117881891749	
k__Bacteria	p__Spirochaetes	c__Spirochaetia	o__(Spirochaetia)	f__(Spirochaetia)	g__(Spirochaetia)	0.0517676018769	0.0517676018769	0.600258575322		0.0161006704407	0.00337623915679	0.0103147899387	0.00133628187609	0.0135592783944	0.0019784378584	0.0183557018424	0.00259684217465	3089.0	19438122.0	0.0158914528883	2347.0	19438110.0	0.0120742191499	3953.0	19438110.0	0.020336339284	2334.0	19438101.0	0.0120073457793	1699.0	19438115.0	0.00874055946268	1982.0	19438110.0	0.010196464574	2635.0	19438098.0	0.0135558530469	3107.0	19438102.0	0.0159840708728	2165.0	19438115.0	0.0111379112635	3093.0	19438095.0	0.0159120531101	4267.0	19438108.0	0.0219517249313	3344.0	19438100.0	0.0172033274857	
k__Bacteria	p__Proteobacteria	c__Betaproteobacteria	o__Burkholderiales	f__Sutterellaceae	g__Turicimonas	0.0519308545807	0.0519308545807	0.599923834821		0.0	0.0	0.0	0.0	0.0491800300799	0.0347810511243	0.0	0.0	0.0	19438122.0	0.0	0.0	19438110.0	0.0	0.0	19438110.0	0.0	0.0	19438101.0	0.0	0.0	19438115.0	0.0	0.0	19438110.0	0.0	14192.0	19438098.0	0.0730112586118	0.0	19438102.0	0.0	14487.0	19438115.0	0.074528831628	0.0	19438095.0	0.0	0.0	19438108.0	0.0	0.0	19438100.0	0.0	
k__Bacteria	p__Firmicutes	c__Clostridia	o__Clostridiales	f__Ruminococcaceae	g__Faecalibacterium	0.0546784091944	0.0546784091944	0.594398821779		0.0	0.0	0.0	0.0	0.0	0.0	0.0417410436211	0.0298610152239	0.0	19438122.0	0.0	0.0	19438110.0	0.0	0.0	19438110.0	0.0	0.0	19438101.0	0.0	0.0	19438115.0	0.0	0.0	19438110.0	0.0	0.0	19438098.0	0.0	0.0	19438102.0	0.0	0.0	19438115.0	0.0	11092.0	19438095.0	0.0570632050106	13249.0	19438108.0	0.0681599258529	0.0	19438100.0	0.0	
k__Bacteria	p__Firmicutes	c__Clostridia	o__Clostridiales	f__(Clostridiales)	g__(Clostridiales)	0.058975626949	0.058975626949	0.586138880019		9.22240623686	3.51283998943	3.63271987059	1.03991480392	5.36637203762	1.42882031989	10.0332516519	2.09752385137	2580567.0	19438122.0	13.2758041132	915191.0	19438110.0	4.70823037836	1882228.0	19438110.0	9.68318421904	785246.0	19438101.0	4.03972589709	428675.0	19438115.0	2.20533215283	904475.0	19438110.0	4.65310156183	850364.0	19438098.0	4.37472843279	1435876.0	19438102.0	7.38691462778	843123.0	19438115.0	4.3374730523	1893179.0	19438095.0	9.73952951665	2475719.0	19438108.0	12.7364196145	1481923.0	19438100.0	7.62380582464	
k__Bacteria	p__Firmicutes	c__Erysipelotrichia	o__Erysipelotrichales	f__Erysipelotrichaceae	g__(Erysipelotrichaceae)	0.0608487294196	0.0608487294196	0.58267128339		0.0227028104876	0.0321066224955	0.118644951685	0.0418010100087	0.0870009344295	0.0286549839357	0.113277520236	0.0237962805595	13239.0	19438122.0	0.0681084314627	0.0	19438110.0	0.0	0.0	19438110.0	0.0	25435.0	19438101.0	0.130851259596	12139.0	19438115.0	0.0624494710521	31613.0	19438110.0	0.162634124408	10333.0	19438098.0	0.0531584931818	23953.0	19438102.0	0.123227051695	16448.0	19438115.0	0.0846172584121	15827.0	19438095.0	0.0814225879645	26942.0	19438108.0	0.13860402463	23288.0	19438100.0	0.119805948112	
k__Bacteria	p__Firmicutes	c__Clostridia	o__Clostridiales	f__Ruminococcaceae	g__Ruminiclostridium	0.0633378970086	0.0633378970086	0.578177803834		0.0	0.0	0.0631457253798	0.0476874705615	0.0279982754146	0.0395955408144	0.0968475961262	0.00601339407044	0.0	19438122.0	0.0	0.0	19438110.0	0.0	0.0	19438110.0	0.0	14425.0	19438101.0	0.0742099241073	0.0	19438115.0	0.0	22398.0	19438110.0	0.115227252032	0.0	19438098.0	0.0	16327.0	19438102.0	0.0839948262438	0.0	19438115.0	0.0	20454.0	19438095.0	0.105226360917	18256.0	19438108.0	0.0939186056585	17766.0	19438100.0	0.0913978218036	
k__Bacteria	p__(Bacteria)	c__(Bacteria)	o__(Bacteria)	f__(Bacteria)	g__(Bacteria)	0.0639958139956	0.0639958139956	0.577010968716		14.2282796782	2.5718335013	10.2657401227	0.951536699903	12.733482309	0.858341194201	14.6295171031	0.569982088275	3296607.0	19438122.0	16.9594933091	2095927.0	19438110.0	10.7825657947	2904594.0	19438110.0	14.9427799308	2214637.0	19438101.0	11.3932785924	1762234.0	19438115.0	9.06586878409	2009526.0	19438110.0	10.3380729917	2289554.0	19438098.0	11.7786935738	2694128.0	19438102.0	13.8600363348	2441761.0	19438115.0	12.5617170183	2812841.0	19438095.0	14.4707647534	2992167.0	19438108.0	15.3933037104	2726093.0	19438100.0	14.0244828455	
k__Bacteria	p__(uncultured bacterium)	c__(uncultured bacterium)	o__(uncultured bacterium)	f__(uncultured bacterium)	g__(uncultured bacterium)	0.0674836456756	0.0674836456756	0.570962281993		0.0500305707059	0.0361710860894	0.0855347326096	0.0202911328405	0.188535157741	0.0821030418181	0.048945118264	0.0358436840125	12793.0	19438122.0	0.0658139711233	16382.0	19438110.0	0.0842777409944	0.0	19438110.0	0.0	21979.0	19438101.0	0.113071745023	15309.0	19438115.0	0.0787576367359	12591.0	19438110.0	0.0647748160701	34384.0	19438098.0	0.176889734788	18332.0	19438102.0	0.0943096193239	57227.0	19438115.0	0.294406119112	12051.0	19438095.0	0.061996816046	0.0	19438108.0	0.0	16491.0	19438100.0	0.0848385387461	
k__Bacteria	p__Tenericutes	c__Mollicutes	o__Mycoplasmatales	f__Mycoplasmataceae	g__Mycoplasma	0.0705998115676	0.0705998115676	0.565741301395		0.0	0.0	0.191731655611	0.131820167838	0.0	0.0	0.0318378167962	0.0450254723096	0.0	19438122.0	0.0	0.0	19438110.0	0.0	0.0	19438110.0	0.0	72595.0	19438101.0	0.373467552206	12614.0	19438115.0	0.0648931236388	26598.0	19438110.0	0.136834290988	0.0	19438098.0	0.0	0.0	19438102.0	0.0	0.0	19438115.0	0.0	0.0	19438095.0	0.0	0.0	19438108.0	0.0	18566.0	19438100.0	0.0955134503887	
k__Bacteria	p__Proteobacteria	c__Betaproteobacteria	o__(Betaproteobacteria)	f__(Betaproteobacteria)	g__(Betaproteobacteria)	0.0708085931777	0.0708085931777	0.565397326122		0.013999986949	0.00432775815232	0.00847476189809	0.00176799769447	0.0229000368818	0.00584016232259	0.0149363017886	0.00504899045524	2285.0	19438122.0	0.0117552508416	3898.0	19438110.0	0.0200533899644	1981.0	19438110.0	0.0101913200409	1994.0	19438101.0	0.0102582037206	1179.0	19438115.0	0.00606540294674	1769.0	19438110.0	0.00910067902692	5270.0	19438098.0	0.0271117060939	2846.0	19438102.0	0.014641347185	5238.0	19438115.0	0.0269470573664	2492.0	19438095.0	0.0128201863403	1961.0	19438108.0	0.0100884304172	4257.0	19438100.0	0.0219002886085	
k__Bacteria	p__Firmicutes	c__Clostridia	o__Clostridiales	f__Lachnospiraceae	g__(Lachnospiraceae bacterium A2)	0.073189194468	0.073189194468	0.561524572598		0.22038317357	0.0403534603039	0.0	0.0	0.28465045565	0.192356078119	0.0656356927618	0.0485375482016	46813.0	19438122.0	0.240830878621	49820.0	19438110.0	0.256300638282	31882.0	19438110.0	0.164018003808	0.0	19438101.0	0.0	0.0	19438115.0	0.0	0.0	19438110.0	0.0	42497.0	19438098.0	0.218627357471	17323.0	19438102.0	0.0891187833051	106172.0	19438115.0	0.546205226175	15755.0	19438095.0	0.0810521812966	22520.0	19438108.0	0.115854896989	0.0	19438100.0	0.0	
k__Bacteria	p__Firmicutes	c__Clostridia	o__Clostridiales	f__Clostridiaceae	g__(Clostridiaceae)	0.076698956019	0.076698956019	0.555972685277		0.150175750848	0.0400876962296	0.0736491464718	0.0259846956503	0.0912829059024	0.0282681213256	0.139970805422	0.0146588650672	27652.0	19438122.0	0.142256541038	20511.0	19438110.0	0.105519518101	39411.0	19438110.0	0.202751193403	17629.0	19438101.0	0.0906930157426	7179.0	19438115.0	0.0369325935154	18140.0	19438110.0	0.0933218301574	13297.0	19438098.0	0.0684068986585	25486.0	19438102.0	0.131113624159	14448.0	19438115.0	0.0743281948893	29065.0	19438095.0	0.149525969494	29376.0	19438108.0	0.151125819447	23182.0	19438100.0	0.119260627325	
k__Bacteria	p__Spirochaetes	c__(Spirochaetes)	o__(Spirochaetes)	f__(Spirochaetes)	g__(Spirochaetes)	0.0795594194541	0.0795594194541	0.55157785471		0.00141303141306	0.000258810544189	0.000931160630199	0.000264431334198	0.000984321010521	0.00025176148713	0.00154164584011	0.000164536204437	322.0	19438122.0	0.00165653863064	205.0	19438110.0	0.00105462928237	297.0	19438110.0	0.00152792632617	252.0	19438101.0	0.00129642293761	132.0	19438115.0	0.00067907819251	159.0	19438110.0	0.000817980760475	235.0	19438098.0	0.00120896602126	216.0	19438102.0	0.00111121960364	123.0	19438115.0	0.000632777406657	334.0	19438095.0	0.00171827537627	257.0	19438108.0	0.00132214513882	308.0	19438100.0	0.00158451700526	
k__Bacteria	p__Bacteroidetes	c__(Bacteroidetes)	o__(Bacteroidetes)	f__(Bacteroidetes)	g__(Bacteroidetes)	0.0837438163613	0.0837438163613	0.54534336297		2.68603058506	0.82501155336	4.25613778474	0.610627768031	4.5793110375	0.786689957261	3.20841708299	0.536362009315	422340.0	19438122.0	2.17274076168	748381.0	19438110.0	3.8500708145	395620.0	19438110.0	2.03528017899	967966.0	19438101.0	4.97973541757	836327.0	19438115.0	4.30251081445	677645.0	19438110.0	3.48616712222	867554.0	19438098.0	4.46316301111	715158.0	19438102.0	3.67915550603	1087682.0	19438115.0	5.59561459535	638774.0	19438095.0	3.28619651257	489079.0	19438108.0	2.51608335544	743113.0	19438100.0	3.82297138095	
k__Bacteria	p__Proteobacteria	c__Deltaproteobacteria	o__Desulfovibrionales	f__Desulfovibrionaceae	g__(Desulfovibrionaceae)	0.0854772465233	0.0854772465233	0.542824201928		0.108357562254	0.0244452787947	0.136340433759	0.0428664772596	0.287077069745	0.123067493393	0.265139070759	0.0535095436995	21977.0	19438122.0	0.113061333806	14840.0	19438110.0	0.0763448709777	26371.0	19438110.0	0.135666481978	30850.0	19438101.0	0.158708919148	14843.0	19438115.0	0.076360284935	33813.0	19438110.0	0.173952097195	80343.0	19438098.0	0.413327476793	63699.0	19438102.0	0.327701747835	23365.0	19438115.0	0.120201984606	61921.0	19438095.0	0.318554878963	55370.0	19438108.0	0.284852826211	37323.0	19438100.0	0.192009507102	
k__Bacteria	p__Proteobacteria	c__Deltaproteobacteria	o__(Deltaproteobacteria)	f__(Deltaproteobacteria)	g__(Deltaproteobacteria)	0.0862029529217	0.0862029529217	0.541780100261		0.0526337063322	0.0163223464484	0.0803233202522	0.0213471631547	0.195221398677	0.0996033646674	0.189426941022	0.0555878170919	11012.0	19438122.0	0.0566515633558	6014.0	19438110.0	0.0309392219717	13667.0	19438110.0	0.0703103336693	18457.0	19438101.0	0.0949526911091	9746.0	19438115.0	0.050138606547	18637.0	19438110.0	0.0958786631005	59744.0	19438098.0	0.307355174359	41400.0	19438102.0	0.212983757365	12698.0	19438115.0	0.0653252643067	46611.0	19438095.0	0.239792016656	42087.0	19438108.0	0.216517986216	21765.0	19438100.0	0.111970820193	
k__Bacteria	p__Firmicutes	c__Clostridia	o__Clostridiales	f__Eubacteriaceae	g__(Eubacteriaceae)	0.0912527135705	0.0912527135705	0.534678863426		0.0200328068151	0.00703133850257	0.00717319475831	0.00183165379222	0.0119284609693	0.00435752930762	0.0187243931961	0.00478101213425	4739.0	19438122.0	0.0243799272378	1966.0	19438110.0	0.0101141520446	4977.0	19438110.0	0.0256043411628	1507.0	19438101.0	0.00775281494833	913.0	19438115.0	0.00469695749819	1763.0	19438110.0	0.00906981182841	1751.0	19438098.0	0.00900808299248	3516.0	19438102.0	0.0180881857704	1689.0	19438115.0	0.00868911414507	3281.0	19438095.0	0.0168792260764	4914.0	19438108.0	0.0252802381796	2724.0	19438100.0	0.0140137153323	
k__Bacteria	p__Bacteroidetes	c__Bacteroidia	o__(Bacteroidia)	f__(Bacteroidia)	g__(Bacteroidia)	0.0971701390301	0.0971701390301	0.526696160699		0.545070050764	0.18297118915	0.891376188141	0.148326098604	0.980069756172	0.211703550033	0.669972867038	0.0839255293524	84015.0	19438122.0	0.432217680288	156118.0	19438110.0	0.803154216125	77721.0	19438110.0	0.39983825588	208465.0	19438101.0	1.07245558607	173492.0	19438115.0	0.892535104356	137843.0	19438110.0	0.709137874001	187734.0	19438098.0	0.965804370366	141551.0	19438102.0	0.728214102385	242236.0	19438115.0	1.24619079576	129126.0	19438095.0	0.664293491723	110825.0	19438108.0	0.57014293778	150739.0	19438100.0	0.775482171611	
k__Bacteria	p__Bacteroidetes	c__Bacteroidia	o__Bacteroidales	f__Rikenellaceae	g__Alistipes	0.097421143933	0.097421143933	0.526365079825		1.03813398726	0.131701721223	2.74513148933	0.621288012312	3.57484815576	1.7276625243	1.44052664677	0.560181254917	195720.0	19438122.0	1.00688739375	235740.0	19438110.0	1.2127722294	173921.0	19438110.0	0.894742338633	380056.0	19438101.0	1.95521157134	545608.0	19438115.0	2.8068976853	675141.0	19438110.0	3.47328521137	594027.0	19438098.0	3.05599344133	1147229.0	19438102.0	5.90195997531	343392.0	19438115.0	1.76659105062	325760.0	19438095.0	1.67588439093	129797.0	19438108.0	0.667745029506	384476.0	19438100.0	1.97795051986	
k__Bacteria	p__Firmicutes	c__Clostridia	o__Clostridiales	f__Lachnospiraceae	g__(Lachnospiraceae bacterium 3-2)	0.0975797187688	0.0975797187688	0.526156220026		0.0612422112681	0.0504300608096	0.0	0.0	0.0978233213116	0.0335896614053	0.0406041017475	0.0288611745632	24009.0	19438122.0	0.12351501858	0.0	19438110.0	0.0	11704.0	19438110.0	0.0602116152239	0.0	19438101.0	0.0	0.0	19438115.0	0.0	0.0	19438110.0	0.0	12037.0	19438098.0	0.06192478297	27741.0	19438102.0	0.14271455104	17267.0	19438115.0	0.0888306299248	11140.0	19438095.0	0.0573101427892	12538.0	19438108.0	0.0645021624533	0.0	19438100.0	0.0	
k__Bacteria	p__Proteobacteria	c__Betaproteobacteria	o__Burkholderiales	f__(Burkholderiales)	g__(Burkholderiales)	0.101703532513	0.101703532513	0.520805162298		0.586771624022	0.29972338471	0.37437975392	0.18477477941	1.55896191286	0.5764304208	0.736165930594	0.534122558619	95282.0	19438122.0	0.490181098771	192922.0	19438110.0	0.992493611776	53968.0	19438110.0	0.277640161518	111334.0	19438101.0	0.572761711651	24860.0	19438115.0	0.127893059589	82123.0	19438110.0	0.422484490519	379121.0	19438098.0	1.95040173169	144615.0	19438102.0	0.743976958244	385362.0	19438115.0	1.98250704865	102240.0	19438095.0	0.525977468471	41390.0	19438108.0	0.212932246287	285660.0	19438100.0	1.46958807702	
k__Bacteria	p__Firmicutes	c__Bacilli	o__Bacillales	f__(Bacillales)	g__(Bacillales)	0.119168077534	0.119168077534	0.499667639516		0.102803179297	0.0176626911367	0.0586991362949	0.0415212567998	0.0905369493589	0.0193748832893	0.126984284731	0.00362861609561	23932.0	19438122.0	0.123118889778	15562.0	19438110.0	0.0800592238649	20455.0	19438110.0	0.105231424249	17378.0	19438101.0	0.0894017373405	0.0	19438115.0	0.0	16852.0	19438110.0	0.0866956715442	15679.0	19438098.0	0.0806611840315	22861.0	19438102.0	0.117609219254	14256.0	19438115.0	0.0733404447911	25611.0	19438095.0	0.131756738508	23902.0	19438108.0	0.122964642444	24537.0	19438100.0	0.126231473241	
k__Bacteria	p__Proteobacteria	c__Deltaproteobacteria	o__Desulfovibrionales	f__(Desulfovibrionales)	g__(Desulfovibrionales)	0.120075336985	0.120075336985	0.498629325174		0.0297405390807	0.0105555647434	0.0437388270226	0.0217018919556	0.130559736531	0.0754418993511	0.122595995455	0.0444049370324	6312.0	19438122.0	0.0324722727844	3045.0	19438110.0	0.0156651032431	7986.0	19438110.0	0.0410842412148	10011.0	19438101.0	0.0515019445572	2749.0	19438115.0	0.0141423178122	12746.0	19438110.0	0.0655722186982	42509.0	19438098.0	0.218689091906	26936.0	19438102.0	0.138573200202	6690.0	19438115.0	0.034416917484	31618.0	19438095.0	0.162659972595	28077.0	19438108.0	0.144443070282	11796.0	19438100.0	0.0606849434873	
k__Bacteria	p__Chlamydiae	c__Chlamydiia	o__Chlamydiales	f__(Chlamydiales)	g__(Chlamydiales)	0.122713141741	0.122713141741	0.49564058033		1.37187527754e-05	1.28327207112e-05	1.71484392048e-06	2.4251555297e-06	3.42968988768e-05	1.28327297652e-05	1.71484488209e-05	1.47516500985e-05	2.0	19438122.0	1.02890598176e-05	0.0	19438110.0	0.0	6.0	19438110.0	3.08671985085e-05	0.0	19438101.0	0.0	1.0	19438115.0	5.14453176144e-06	0.0	19438110.0	0.0	6.0	19438098.0	3.08672175642e-05	10.0	19438102.0	5.14453520205e-05	4.0	19438115.0	2.05781270458e-05	3.0	19438095.0	1.54336111641e-05	7.0	19438108.0	3.60117352985e-05	0.0	19438100.0	0.0	
k__Bacteria	p__Firmicutes	c__Bacilli	o__Lactobacillales	f__Lactobacillaceae	g__(Lactobacillaceae)	0.130464740196	0.130464740196	0.487103461049		0.00791057515771	0.00234297975655	0.00407961420679	0.00432921622293	0.00273517783531	0.00109772396229	0.00118152832136	0.000847942033279	1778.0	19438122.0	0.00914697417786	1935.0	19438110.0	0.00995467151899	900.0	19438110.0	0.00463007977627	421.0	19438101.0	0.00216584943149	1958.0	19438115.0	0.0100729931889	0.0	19438110.0	0.0	809.0	19438098.0	0.0041619298349	496.0	19438102.0	0.00255168946022	290.0	19438115.0	0.00149191421082	379.0	19438095.0	0.00194977954373	310.0	19438108.0	0.00159480542036	0.0	19438100.0	0.0	
k__Bacteria	p__Proteobacteria	c__Deltaproteobacteria	o__Desulfovibrionales	f__Desulfovibrionaceae	g__Mailhella	0.136684110425	0.136684110425	0.480499649327		0.0	0.0	0.0	0.0	0.0596354595676	0.0452101042004	0.0562280572238	0.0398850228128	0.0	19438122.0	0.0	0.0	19438110.0	0.0	0.0	19438110.0	0.0	0.0	19438101.0	0.0	0.0	19438115.0	0.0	0.0	19438110.0	0.0	21269.0	19438098.0	0.109419141729	13507.0	19438102.0	0.0694872369741	0.0	19438115.0	0.0	17148.0	19438095.0	0.0882185214137	15641.0	19438108.0	0.0804656502577	0.0	19438100.0	0.0	
k__Bacteria	p__Firmicutes	c__Clostridia	o__(Clostridia)	f__(Clostridia)	g__(Clostridia)	0.136811515072	0.136811515072	0.480366516924		0.146199018553	0.0337675827123	0.119666999529	0.0339633866491	0.126368634718	0.0457089146928	0.209703263623	0.0329665507585	35417.0	19438122.0	0.18220381578	19638.0	19438110.0	0.101028340718	30200.0	19438110.0	0.155364899159	27208.0	19438101.0	0.139972520978	13960.0	19438115.0	0.0718176633897	28615.0	19438110.0	0.14721081422	19233.0	19438098.0	0.098944865902	37083.0	19438102.0	0.190774798898	17375.0	19438115.0	0.089386239355	40277.0	19438095.0	0.207206518952	48842.0	19438108.0	0.251269310779	33168.0	19438100.0	0.170633961138	
k__Bacteria	p__Actinobacteria <phylum>	c__(Actinobacteria <phylum>)	o__(Actinobacteria <phylum>)	f__(Actinobacteria <phylum>)	g__(Actinobacteria <phylum>)	0.142093485953	0.142093485953	0.474919277188		0.0372309851361	0.0236218264086	0.0336315241345	0.021159189629	0.00596251506841	0.00102654423039	0.00477241409557	0.000696071040604	754.0	19438122.0	0.00387897555124	10158.0	19438110.0	0.0522581670749	10799.0	19438110.0	0.0555558127822	727.0	19438101.0	0.0037400772843	9209.0	19438115.0	0.0473759929911	9676.0	19438110.0	0.049778502128	1124.0	19438098.0	0.00578245875702	934.0	19438102.0	0.00480499587871	1419.0	19438115.0	0.00730009056948	834.0	19438095.0	0.00429054390361	830.0	19438108.0	0.00426996289968	1119.0	19438100.0	0.00575673548341	
k__Bacteria	p__Firmicutes	c__Clostridia	o__Clostridiales	f__Lachnospiraceae	g__(Lachnospiraceae bacterium COE1)	0.145246762523	0.145246762523	0.471732192698		0.50187988221	0.313935587849	0.0815477201668	0.0699429929853	0.157938928887	0.0700545862448	0.233076597476	0.064012180916	177024.0	19438122.0	0.910705262576	28678.0	19438110.0	0.147534919804	86966.0	19438110.0	0.447399464248	14353.0	19438101.0	0.0738395175537	0.0	19438115.0	0.0	33201.0	19438110.0	0.170803642947	21118.0	19438098.0	0.108642316753	49958.0	19438102.0	0.257010689624	21025.0	19438115.0	0.108163780284	44304.0	19438095.0	0.227923569671	61021.0	19438108.0	0.313924585664	30592.0	19438100.0	0.157381637094	
k__Bacteria	p__Tenericutes	c__(Tenericutes)	o__(Tenericutes)	f__(Tenericutes)	g__(Tenericutes)	0.148516474816	0.148516474816	0.468476233741		0.00126898482757	0.0017946155536	0.00514453405871	0.00208446276043	0.00534174269815	0.00470911375383	0.0178223824133	0.012113210158	0.0	19438122.0	0.0	740.0	19438110.0	0.00380695448271	0.0	19438110.0	0.0	1540.0	19438101.0	0.00792258461873	564.0	19438115.0	0.00290151591345	896.0	19438110.0	0.00460950164394	888.0	19438098.0	0.0045683481995	2227.0	19438102.0	0.011456879895	0.0	19438115.0	0.0	1207.0	19438095.0	0.00620945622501	6713.0	19438108.0	0.0345352541513	2473.0	19438100.0	0.0127224368637	
k__Bacteria	p__Bacteroidetes	c__Bacteroidia	o__Bacteroidales	f__Rikenellaceae	g__Rikenella	0.148923346684	0.148923346684	0.468074455861		0.0225193361563	0.0318471506079	0.0	0.0	0.0660232307096	0.0478377133116	0.0	0.0	0.0	19438122.0	0.0	0.0	19438110.0	0.0	13132.0	19438110.0	0.0675580084689	0.0	19438101.0	0.0	0.0	19438115.0	0.0	0.0	19438110.0	0.0	0.0	19438098.0	0.0	21735.0	19438102.0	0.111816472617	16766.0	19438115.0	0.0862532195123	0.0	19438095.0	0.0	0.0	19438108.0	0.0	0.0	19438100.0	0.0	
k__Bacteria	p__Bacteroidetes	c__Bacteroidia	o__Bacteroidales	f__Prevotellaceae	g__(Prevotellaceae)	0.15789399466	0.15789399466	0.459397224365		0.882273609233	0.304915648174	1.34156743177	0.208116133581	0.624131488375	0.0623489006694	0.767635104016	0.446929583073	90726.0	19438122.0	0.466742620506	231283.0	19438110.0	1.18984304544	192483.0	19438110.0	0.990235161752	289084.0	19438101.0	1.48720289086	289676.0	19438115.0	1.49024738253	203566.0	19438110.0	1.04725202193	110790.0	19438098.0	0.569963172323	138296.0	19438102.0	0.711468640302	114872.0	19438115.0	0.5909626525	190890.0	19438095.0	0.982040678369	28285.0	19438108.0	0.145513133274	228466.0	19438100.0	1.1753515004	
k__Bacteria	p__Tenericutes	c__Mollicutes	o__Anaeroplasmatales	f__Anaeroplasmataceae	g__Anaeroplasma	0.158974983343	0.158974983343	0.458374070291		0.0	0.0	0.0499225628841	0.0372914941374	0.0414100786864	0.0585626948972	0.204328903056	0.15382113578	0.0	19438122.0	0.0	0.0	19438110.0	0.0	0.0	19438110.0	0.0	17418.0	19438101.0	0.0896075187592	0.0	19438115.0	0.0	11694.0	19438110.0	0.0601601698931	0.0	19438098.0	0.0	24148.0	19438102.0	0.124230236059	0.0	19438115.0	0.0	11025.0	19438095.0	0.0567185210279	80963.0	19438108.0	0.416516874996	27165.0	19438100.0	0.139751313143	
k__Bacteria	p__Bacteroidetes	c__Bacteroidia	o__Bacteroidales	f__(Bacteroidales)	g__(Bacteroidales)	0.159534695649	0.159534695649	0.457846128381		13.6108238424	4.68245463598	19.6000160988	3.44127450032	22.667839473	4.49241926773	14.3547773917	3.53633698564	2055316.0	19438122.0	10.573634634	3931448.0	19438110.0	20.225464307	1950298.0	19438110.0	10.0333725861	4523519.0	19438101.0	23.2714039298	3990830.0	19438115.0	20.5309516895	2915268.0	19438110.0	14.9976926769	4459168.0	19438098.0	22.9403514685	3311199.0	19438102.0	17.0345798165	5448229.0	19438115.0	28.0285871341	2872238.0	19438095.0	14.7763348209	1910436.0	19438108.0	9.82830221954	3588214.0	19438100.0	18.4596951348	
k__Bacteria	p__Firmicutes	c__Clostridia	o__Clostridiales	f__Lachnospiraceae	g__(Lachnospiraceae)	0.164047896343	0.164047896343	0.453633591249		3.24008917955	1.91250401429	0.936017046598	0.204476601384	1.70324219676	0.492259738033	3.06812878903	0.69551975128	1139632.0	19438122.0	5.86287090903	263702.0	19438110.0	1.35662366351	486103.0	19438110.0	2.5007729661	220623.0	19438101.0	1.13500284827	127283.0	19438115.0	0.654811436191	197926.0	19438110.0	1.01823685533	250907.0	19438098.0	1.29080015956	465573.0	19438102.0	2.39515668762	276754.0	19438115.0	1.42376974311	565547.0	19438095.0	2.90947749767	775218.0	19438108.0	3.98813505924	448393.0	19438100.0	2.3067738102	
k__Bacteria	p__Tenericutes	c__Mollicutes	o__Mycoplasmatales	f__Mycoplasmataceae	g__(Mycoplasmataceae)	0.164733098543	0.164733098543	0.453000814081		0.0	0.0	0.00091572676143	0.000844215340787	0.0	0.0	7.3738345483e-05	0.000104281768249	0.0	19438122.0	0.0	0.0	19438110.0	0.0	0.0	19438110.0	0.0	67.0	19438101.0	0.00034468387627	410.0	19438115.0	0.00210925802219	57.0	19438110.0	0.000293238385831	0.0	19438098.0	0.0	0.0	19438102.0	0.0	0.0	19438115.0	0.0	0.0	19438095.0	0.0	0.0	19438108.0	0.0	43.0	19438100.0	0.000221215036449	
k__Bacteria	p__Bacteroidetes	c__Bacteroidia	o__Bacteroidales	f__Bacteroidaceae	g__(Bacteroidaceae)	0.178449805749	0.178449805749	0.440685380959		0.11356212196	0.0464672235097	0.183267142548	0.0254550458899	0.184104013751	0.0393082304565	0.12889634114	0.0273536745395	15300.0	19438122.0	0.0787113076047	34840.0	19438110.0	0.179235532673	16083.0	19438110.0	0.082739525602	36475.0	19438101.0	0.187646931148	41213.0	19438115.0	0.212021587484	29183.0	19438110.0	0.150132909012	37115.0	19438098.0	0.190939463316	25835.0	19438102.0	0.132909066945	44409.0	19438115.0	0.228463510994	25606.0	19438095.0	0.131731015822	18285.0	19438108.0	0.0940677971333	31274.0	19438100.0	0.160890210463	
k__Bacteria	p__Chlamydiae	c__Chlamydiia	o__Chlamydiales	f__Chlamydiaceae	g__Chlamydia	0.180105356777	0.180105356777	0.439241854742		2.07255213721	0.87499173792	2.55504070126	2.03834654258	0.510559039929	0.297464084043	0.218217510535	0.213813074414	173781.0	19438122.0	0.894021552082	580906.0	19438110.0	2.98849013613	453908.0	19438110.0	2.33514472343	0.0	19438101.0	0.0	520292.0	19438115.0	2.67665871922	969663.0	19438110.0	4.98846338456	45634.0	19438098.0	0.234765767721	179522.0	19438102.0	0.923557248542	72573.0	19438115.0	0.373354103523	98862.0	19438095.0	0.5085992223	28390.0	19438108.0	0.146053309304	0.0	19438100.0	0.0	
k__Bacteria	p__Firmicutes	c__Clostridia	o__Clostridiales	f__(Clostridiales bacterium)	g__(Clostridiales bacterium)	0.190174440526	0.190174440526	0.430645183358		0.0955408169626	0.0164747595862	0.0495590042082	0.0364427570728	0.121788281437	0.0206391592889	0.139502636646	0.0635754886473	20591.0	19438122.0	0.105931015352	14051.0	19438110.0	0.0722858343738	21072.0	19438110.0	0.108405601162	12069.0	19438101.0	0.0620893985477	16831.0	19438115.0	0.0865876140768	0.0	19438110.0	0.0	21774.0	19438098.0	0.11201713254	29253.0	19438102.0	0.150493088266	19993.0	19438115.0	0.102854623506	16952.0	19438095.0	0.087210192151	44511.0	19438108.0	0.228988335696	19887.0	19438100.0	0.10230938209	
k__Bacteria	p__Bacteroidetes	c__Bacteroidia	o__Bacteroidales	f__Porphyromonadaceae	g__(Porphyromonadaceae)	0.201349670895	0.201349670895	0.42144642805		0.266833170382	0.086248987672	0.338933892345	0.0913001456257	0.455450750207	0.0924322354295	0.308282871375	0.0517676909128	39644.0	19438122.0	0.203949743705	75573.0	19438110.0	0.388787798814	40385.0	19438110.0	0.207761968628	90979.0	19438101.0	0.468044692226	53106.0	19438115.0	0.273205503723	53562.0	19438110.0	0.275551481085	88275.0	19438098.0	0.454133938413	66655.0	19438102.0	0.342908993893	110663.0	19438115.0	0.569309318316	67131.0	19438095.0	0.345357917018	45694.0	19438108.0	0.235074318961	66948.0	19438100.0	0.344416378144	
k__Bacteria	p__Candidatus Melainabacteria	c__(Candidatus Melainabacteria)	o__(Candidatus Melainabacteria)	f__(Candidatus Melainabacteria)	g__(Candidatus Melainabacteria)	0.203339558931	0.203339558931	0.419843641134		0.0	0.0	0.0202866087975	0.028689597296	0.0	0.0	0.0439274819153	0.0314251739904	0.0	19438122.0	0.0	0.0	19438110.0	0.0	0.0	19438110.0	0.0	0.0	19438101.0	0.0	0.0	19438115.0	0.0	11830.0	19438110.0	0.0608598263926	0.0	19438098.0	0.0	0.0	19438102.0	0.0	0.0	19438115.0	0.0	13943.0	19438095.0	0.0717302801535	0.0	19438108.0	0.0	11673.0	19438100.0	0.0600521655923	
k__Bacteria	p__Bacteroidetes	c__Bacteroidia	o__Bacteroidales	f__Prevotellaceae	g__Paraprevotella	0.20547477643	0.20547477643	0.418135091544		0.0550001876554	0.0392989250805	0.470961553798	0.366180320502	0.385611948228	0.190111960385	0.533651274399	0.132948573007	14692.0	19438122.0	0.0755834334202	17381.0	19438110.0	0.089417129546	0.0	19438110.0	0.0	191211.0	19438101.0	0.983691771125	53950.0	19438115.0	0.27754748853	29477.0	19438110.0	0.151645401739	67836.0	19438098.0	0.348984761781	33678.0	19438102.0	0.173257656535	123353.0	19438115.0	0.634593426369	135691.0	19438095.0	0.698067377487	72399.0	19438108.0	0.372459089125	103105.0	19438100.0	0.530427356583	
k__Bacteria	p__Bacteroidetes	c__Flavobacteriia	o__(Flavobacteriia)	f__(Flavobacteriia)	g__(Flavobacteriia)	0.2145886699	0.2145886699	0.410968948214		0.00106320350418	0.000944217660573	0.00133929359452	0.000226372842468	0.00216927856195	0.000467073525594	0.000807692201134	0.000583536453312	0.0	19438122.0	0.0	446.0	19438110.0	0.0022944617558	174.0	19438110.0	0.000895148756746	321.0	19438101.0	0.00165139588481	242.0	19438115.0	0.00124497668627	218.0	19438110.0	0.00112150821248	436.0	19438098.0	0.00224301780966	304.0	19438102.0	0.00156393870142	525.0	19438115.0	0.00270087917476	207.0	19438095.0	0.00106491917032	0.0	19438108.0	0.0	264.0	19438100.0	0.00135815743308	
k__Bacteria	p__Chlamydiae	c__Chlamydiia	o__(Chlamydiia)	f__(Chlamydiia)	g__(Chlamydiia)	0.215701633871	0.215701633871	0.410107405803		0.000185203161409	8.8907706886e-05	5.14453251131e-05	3.73348020542e-05	0.000517882985112	0.000410582403553	0.000118324308677	8.49497532552e-05	28.0	19438122.0	0.000144046837447	20.0	19438110.0	0.000102890661695	60.0	19438110.0	0.000308671985085	0.0	19438101.0	0.0	13.0	19438115.0	6.68789128987e-05	17.0	19438110.0	8.74570624407e-05	54.0	19438098.0	0.000277804958078	35.0	19438102.0	0.000180058732072	213.0	19438115.0	0.00109578526519	31.0	19438095.0	0.000159480648695	38.0	19438108.0	0.000195492277335	0.0	19438100.0	0.0	
k__Bacteria	p__Firmicutes	c__Clostridia	o__Clostridiales	f__Lachnospiraceae	g__(Lachnospiraceae bacterium 3-1)	0.224576996022	0.224576996022	0.403337230736		0.0874038721015	0.063082612071	0.0	0.0	0.0222243920728	0.0314300366849	0.0490874384776	0.0362329373427	28493.0	19438122.0	0.146583090692	0.0	19438110.0	0.0	22476.0	19438110.0	0.115628525613	0.0	19438101.0	0.0	0.0	19438115.0	0.0	0.0	19438110.0	0.0	0.0	19438098.0	0.0	12960.0	19438102.0	0.0666731762185	0.0	19438115.0	0.0	11838.0	19438095.0	0.0609010296534	16787.0	19438108.0	0.0863612857795	0.0	19438100.0	0.0	
k__Bacteria	p__Bacteroidetes	c__Flavobacteriia	o__Flavobacteriales	f__Flavobacteriaceae	g__(Flavobacteriaceae)	0.229622472116	0.229622472116	0.399564763525		0.0516819793694	0.0399562349181	0.0914766637503	0.00901594095838	0.104682694499	0.0238570300895	0.0498642761484	0.0353487284657	0.0	19438122.0	0.0	18915.0	19438110.0	0.097308843298	11223.0	19438110.0	0.0577370948101	18525.0	19438101.0	0.0953025195208	19457.0	19438115.0	0.100097154482	15362.0	19438110.0	0.0790303172479	20384.0	19438098.0	0.104866227138	14651.0	19438102.0	0.0753725852452	26010.0	19438115.0	0.133809271115	13941.0	19438095.0	0.0717199910794	0.0	19438108.0	0.0	15137.0	19438100.0	0.0778728373658	
k__Bacteria	p__Firmicutes	c__Clostridia	o__Clostridiales	f__Lachnospiraceae	g__(Lachnospiraceae bacterium A4)	0.233053053546	0.233053053546	0.397029883874		2.28335539929	1.93421204976	0.165153263768	0.0728084641576	0.940185999938	0.393160311467	1.86556279364	0.452429557073	967667.0	19438122.0	4.97819182326	102933.0	19438110.0	0.529542224013	260924.0	19438110.0	1.34233215061	50415.0	19438101.0	0.259361755554	15951.0	19438115.0	0.0820604261267	29942.0	19438110.0	0.154037609624	129368.0	19438098.0	0.665538366974	290830.0	19438102.0	1.49618517281	128065.0	19438115.0	0.658834460029	324459.0	19438095.0	1.66919134823	484226.0	19438108.0	2.49111693381	279205.0	19438100.0	1.43638009888	
k__Bacteria	p__Firmicutes	c__Clostridia	o__Clostridiales	f__Eubacteriaceae	g__Eubacterium	0.237079096767	0.237079096767	0.394085138644		0.653515022976	0.220007427579	0.362049999581	0.216709104967	0.349428798403	0.222110497247	0.683993415959	0.0823482826015	150487.0	19438122.0	0.774184872386	67026.0	19438110.0	0.344817474538	163580.0	19438110.0	0.841542722003	76879.0	19438101.0	0.395506742145	15841.0	19438115.0	0.081494527633	118407.0	19438110.0	0.609148728966	33061.0	19438098.0	0.170083513315	128764.0	19438102.0	0.662430930757	41942.0	19438115.0	0.215771951138	135344.0	19438095.0	0.696282223129	151256.0	19438108.0	0.77814157633	112266.0	19438100.0	0.577556448418	
k__Bacteria	p__Firmicutes	c__Erysipelotrichia	o__Erysipelotrichales	f__Erysipelotrichaceae	g__Turicibacter	0.245938818505	0.245938818505	0.387714845201		0.0	0.0	0.0573427071571	0.0810948341648	0.0756641003605	0.0102367084545	0.0834735186692	0.00737614360866	0.0	19438122.0	0.0	0.0	19438110.0	0.0	0.0	19438110.0	0.0	33439.0	19438101.0	0.172028121471	0.0	19438115.0	0.0	0.0	19438110.0	0.0	17460.0	19438098.0	0.0898236031118	13839.0	19438102.0	0.0711952226611	12824.0	19438115.0	0.0659734753087	18107.0	19438095.0	0.0931521324492	15940.0	19438108.0	0.0820038658083	14630.0	19438100.0	0.07526455775	
k__Bacteria	p__Actinobacteria <phylum>	c__Actinobacteria	o__Bifidobacteriales	f__(Bifidobacteriales)	g__(Bifidobacteriales)	0.247364289768	0.247364289768	0.386703525904		0.00020063673949	6.18770976744e-05	0.000200636774867	0.000172833855732	0.000351543174141	8.85430992949e-05	0.000108035260945	8.26334816085e-05	48.0	19438122.0	0.000246937435623	47.0	19438110.0	0.000241793054983	22.0	19438110.0	0.000113179727864	0.0	19438101.0	0.0	35.0	19438115.0	0.00018005861165	82.0	19438110.0	0.000421851712949	80.0	19438098.0	0.000411562900856	44.0	19438102.0	0.00022635954889	81.0	19438115.0	0.000416707072677	24.0	19438095.0	0.000123468889312	0.0	19438108.0	0.0	39.0	19438100.0	0.000200636893524	
k__Bacteria	p__Spirochaetes	c__Spirochaetia	o__Brachyspirales	f__Brachyspiraceae	g__Brachyspira	0.254443121442	0.254443121442	0.381734943989		0.467173219574	0.0727482667283	0.32353291149	0.22099670607	0.193497979976	0.101538797028	0.393790183864	0.0388334056087	108636.0	19438122.0	0.558881151173	74047.0	19438110.0	0.380937241326	89746.0	19438110.0	0.461701266224	123519.0	19438101.0	0.635447876313	29257.0	19438115.0	0.150513565744	35890.0	19438110.0	0.184637292412	60684.0	19438098.0	0.312191038444	39682.0	19438102.0	0.204145445888	12471.0	19438115.0	0.0641574555969	71478.0	19438095.0	0.367721219595	70942.0	19438108.0	0.36496350365	87216.0	19438100.0	0.448685828347	
k__Bacteria	p__Actinobacteria <phylum>	c__Actinobacteria	o__Bifidobacteriales	f__Bifidobacteriaceae	g__Bifidobacterium	0.259056210899	0.259056210899	0.37854357271		0.139305341028	0.0564586409329	0.105685850002	0.0917523159496	0.217174801166	0.0751179667784	0.0658689259874	0.0553665203484	38431.0	19438122.0	0.197709428925	30567.0	19438110.0	0.157252942802	12237.0	19438110.0	0.0629536513581	0.0	19438101.0	0.0	18142.0	19438115.0	0.093332095216	43488.0	19438110.0	0.22372545479	55138.0	19438098.0	0.283659440342	21805.0	19438102.0	0.112176590081	49701.0	19438115.0	0.255688373075	12079.0	19438095.0	0.0621408630835	0.0	19438108.0	0.0	26332.0	19438100.0	0.135465914879	
k__Bacteria	p__Bacteroidetes	c__Bacteroidia	o__Bacteroidales	f__Tannerellaceae	g__Parabacteroides	0.283081604363	0.283081604363	0.36246913037		0.357008247044	0.17067165628	0.690814865635	0.230791740918	0.871617810608	0.296126668209	0.658416580328	0.264815196237	52955.0	19438122.0	0.272428581321	115671.0	19438110.0	0.595073286446	39561.0	19438110.0	0.203522873366	195706.0	19438101.0	1.00681645805	117320.0	19438115.0	0.603556466252	89818.0	19438110.0	0.462071672606	174482.0	19438098.0	0.897628975839	96536.0	19438102.0	0.496632850265	237260.0	19438115.0	1.22059160572	165696.0	19438095.0	0.852429211813	55203.0	19438108.0	0.283993689098	163052.0	19438100.0	0.838826840072	
k__Bacteria	p__Actinobacteria <phylum>	c__Actinobacteria	o__Bifidobacteriales	f__Bifidobacteriaceae	g__(Bifidobacteriaceae)	0.320849372011	0.320849372011	0.338805590118		0.00520798092765	0.0012636442352	0.00351028614041	0.00303674586344	0.00683708613198	0.00161932732615	0.00290323327916	0.00223190786014	1321.0	19438122.0	0.00679592400953	996.0	19438110.0	0.00512395495241	720.0	19438110.0	0.00370406382102	0.0	19438101.0	0.0	607.0	19438115.0	0.00312273077919	1440.0	19438110.0	0.00740812764204	1602.0	19438098.0	0.00824154708964	888.0	19438102.0	0.00456834725942	1497.0	19438115.0	0.00770136404687	638.0	19438095.0	0.00328221464089	0.0	19438108.0	0.0	1055.0	19438100.0	0.0054274851966	
k__Bacteria	p__Deferribacteres <phylum>	c__Deferribacteres	o__Deferribacterales	f__Deferribacteraceae	g__(Deferribacteraceae)	0.324975413391	0.324975413391	0.336323804281		0.0131339917945	0.00968884635099	0.00776310126528	0.00231607308399	0.0159034738353	0.00932012781354	0.0239769655155	0.00918974675379	1106.0	19438122.0	0.00568985007914	1340.0	19438110.0	0.00689367433356	5213.0	19438110.0	0.0268184509708	1574.0	19438101.0	0.0080974988246	928.0	19438115.0	0.00477412547462	2025.0	19438110.0	0.0104176794966	3853.0	19438098.0	0.0198218982125	4829.0	19438102.0	0.0248429604907	592.0	19438115.0	0.00304556280277	6600.0	19438095.0	0.0339539445609	5093.0	19438108.0	0.0262011096965	2289.0	19438100.0	0.0117758422891	
k__Bacteria	p__Chlamydiae	c__(Chlamydiae)	o__(Chlamydiae)	f__(Chlamydiae)	g__(Chlamydiae)	0.326156948939	0.326156948939	0.335616554015		3.42968808798e-05	2.11420222213e-05	1.37187526871e-05	1.0571008091e-05	6.68789591264e-05	4.00701773539e-05	3.60117456204e-05	2.62320813351e-05	6.0	19438122.0	3.08671794528e-05	2.0	19438110.0	1.02890661695e-05	12.0	19438110.0	6.1734397017e-05	0.0	19438101.0	0.0	5.0	19438115.0	2.57226588072e-05	3.0	19438110.0	1.54335992542e-05	14.0	19438098.0	7.20235076498e-05	22.0	19438102.0	0.000113179774445	3.0	19438115.0	1.54335952843e-05	9.0	19438095.0	4.63008334922e-05	12.0	19438108.0	6.17344033689e-05	0.0	19438100.0	0.0	
k__Bacteria	p__Deferribacteres <phylum>	c__Deferribacteres	o__Deferribacterales	f__Deferribacteraceae	g__Mucispirillum	0.33822066131	0.33822066131	0.328480029845		0.814501274432	0.625086759118	0.4953379915	0.161240061185	1.04709987626	0.616545590297	1.54267987824	0.628953786819	63131.0	19438122.0	0.324779317673	82029.0	19438110.0	0.422000904409	329811.0	19438110.0	1.69672360121	98488.0	19438101.0	0.506675009045	56844.0	19438115.0	0.292435763447	133521.0	19438110.0	0.686903202009	251892.0	19438098.0	1.29586752778	320037.0	19438102.0	1.64644161246	38680.0	19438115.0	0.198990488532	428657.0	19438095.0	2.20524182025	335373.0	19438108.0	1.72533767175	135573.0	19438100.0	0.697460142709	
k__Bacteria	p__Proteobacteria	c__Gammaproteobacteria	o__Enterobacterales	f__Enterobacteriaceae	g__(Enterobacteriaceae)	0.33970617691	0.33970617691	0.327611608594		0.021809389207	0.0262326351069	0.573587895772	0.691517897198	0.01238975398	0.00178175669627	0.0134220939344	0.00342335090065	1307.0	19438122.0	0.00672390059081	0.0	19438110.0	0.0	11411.0	19438110.0	0.0587042670301	33904.0	19438101.0	0.174420330463	300580.0	19438115.0	1.54634335685	0.0	19438110.0	0.0	2874.0	19438098.0	0.0147853972132	2044.0	19438102.0	0.010515429953	2307.0	19438115.0	0.0118684347736	3490.0	19438095.0	0.0179544343209	1882.0	19438108.0	0.00968201226169	2455.0	19438100.0	0.0126298352205	
k__Bacteria	p__Bacteroidetes	c__Bacteroidia	o__Bacteroidales	f__Barnesiellaceae	g__Barnesiella	0.341124289893	0.341124289893	0.326784650857		0.0640116952244	0.0488847536791	0.0617532651662	0.0439602251513	0.108704003984	0.0333997562228	0.027137425983	0.038378115873	14268.0	19438122.0	0.0734021527388	23060.0	19438110.0	0.118632932934	0.0	19438110.0	0.0	16797.0	19438101.0	0.0864127622343	19214.0	19438115.0	0.0988470332643	0.0	19438110.0	0.0	22207.0	19438098.0	0.114244716741	12695.0	19438102.0	0.06530987439	28488.0	19438115.0	0.14655742082	0.0	19438095.0	0.0	0.0	19438108.0	0.0	15825.0	19438100.0	0.081412277949	
k__Bacteria	p__Bacteroidetes	c__Flavobacteriia	o__Flavobacteriales	f__(Flavobacteriales)	g__(Flavobacteriales)	0.355162970158	0.355162970158	0.318703343414		0.0034639856104	0.00274690876212	0.00639294029978	0.000822496997114	0.00686280838559	0.00153474220677	0.00397329690229	0.00283348404827	0.0	19438122.0	0.0	1306.0	19438110.0	0.00671876020868	714.0	19438110.0	0.00367319662251	1388.0	19438101.0	0.00714061522779	1320.0	19438115.0	0.0067907819251	1020.0	19438110.0	0.00524742374644	1211.0	19438098.0	0.00623003341171	1046.0	19438102.0	0.00538118382134	1745.0	19438115.0	0.00897720792371	1071.0	19438095.0	0.00550979918557	0.0	19438108.0	0.0	1246.0	19438100.0	0.00641009152129	
k__Bacteria	p__Firmicutes	c__Clostridia	o__Clostridiales	f__Peptostreptococcaceae	g__(Peptostreptococcaceae)	0.358301364732	0.358301364732	0.316921987873		0.0200893892939	0.0284106867992	0.0377231578829	0.0307289794828	0.0	0.0	0.0489862645135	0.0348093500683	11715.0	19438122.0	0.0602681678817	0.0	19438110.0	0.0	0.0	19438110.0	0.0	14631.0	19438101.0	0.0752696984134	0.0	19438115.0	0.0	7367.0	19438110.0	0.0378997752353	0.0	19438098.0	0.0	0.0	19438102.0	0.0	0.0	19438115.0	0.0	13463.0	19438095.0	0.0692609023672	15103.0	19438108.0	0.0776978911734	0.0	19438100.0	0.0	
k__Bacteria	p__Bacteroidetes	c__Bacteroidia	o__Bacteroidales	f__(Bacteroidales bacterium 43_36)	g__(Bacteroidales bacterium 43_36)	0.387444584369	0.387444584369	0.300785462955		0.137513338806	0.038800083329	0.0859000235328	0.121480978288	0.203179924452	0.109504855845	0.0530727370395	0.0407202032683	28857.0	19438122.0	0.148455699578	34718.0	19438110.0	0.178607899636	16615.0	19438110.0	0.0854764172031	50092.0	19438101.0	0.257700070598	0.0	19438115.0	0.0	0.0	19438110.0	0.0	36763.0	19438098.0	0.189128586552	14898.0	19438102.0	0.0766432854401	66822.0	19438115.0	0.343767901363	11712.0	19438095.0	0.0602528179845	19237.0	19438108.0	0.0989653931339	0.0	19438100.0	0.0	
k__Bacteria	p__Bacteroidetes	c__Bacteroidia	o__Bacteroidales	f__Porphyromonadaceae	g__Porphyromonas	0.388958939236	0.388958939236	0.299965791137		0.0	0.0	0.0594004785615	0.0840049623931	0.0683296954349	0.0505453572319	0.0	0.0	0.0	19438122.0	0.0	0.0	19438110.0	0.0	0.0	19438110.0	0.0	0.0	19438101.0	0.0	34639.0	19438115.0	0.178201435684	0.0	19438110.0	0.0	16389.0	19438098.0	0.0843138047766	0.0	19438102.0	0.0	23457.0	19438115.0	0.120675281528	0.0	19438095.0	0.0	0.0	19438108.0	0.0	0.0	19438100.0	0.0	
k__Bacteria	p__Proteobacteria	c__Epsilonproteobacteria	o__Campylobacterales	f__Helicobacteraceae	g__Helicobacter	0.397567223149	0.397567223149	0.295339348991		4.95333933394	1.65644999046	2.18516146128	1.02844462816	2.78499927463	1.151186752	3.78229106964	2.32290002285	574703.0	19438122.0	2.95657677218	1363115.0	19438110.0	7.01259021582	950689.0	19438110.0	4.89085101381	696443.0	19438101.0	3.58287571404	221198.0	19438115.0	1.13796013657	356621.0	19438110.0	1.83464853322	775748.0	19438098.0	3.99086371516	608278.0	19438102.0	3.12930758363	240027.0	19438115.0	1.2348265251	484804.0	19438095.0	2.49409214226	1369121.0	19438108.0	7.04348900623	351692.0	19438100.0	1.80929206044	
k__Bacteria	p__Proteobacteria	c__Alphaproteobacteria	o__Rhodospirillales	f__Rhodospirillaceae	g__(Rhodospirillaceae)	0.402371659672	0.402371659672	0.292780990782		0.0	0.0	0.00182116490185	0.0012877854596	0.0	0.0	0.00172341991332	0.00243728381508	0.0	19438122.0	0.0	0.0	19438110.0	0.0	0.0	19438110.0	0.0	533.0	19438101.0	0.00274203740376	529.0	19438115.0	0.0027214573018	0.0	19438110.0	0.0	0.0	19438098.0	0.0	0.0	19438102.0	0.0	0.0	19438115.0	0.0	1005.0	19438095.0	0.00517025973996	0.0	19438108.0	0.0	0.0	19438100.0	0.0	
k__Bacteria	p__Candidatus Saccharibacteria	c__(Candidatus Saccharibacteria)	o__(Candidatus Saccharibacteria)	f__(Candidatus Saccharibacteria)	g__(Candidatus Saccharibacteria)	0.404941326559	0.404941326559	0.29141943589		0.0727899986161	0.0622906313127	0.25906669519	0.132062404681	0.110657243503	0.100018787826	0.185349068305	0.135736263679	0.0	19438122.0	0.0	29576.0	19438110.0	0.152154710515	12871.0	19438110.0	0.0662152853338	33502.0	19438101.0	0.172352227206	30940.0	19438115.0	0.159171812699	86631.0	19438110.0	0.445676045665	17433.0	19438098.0	0.0896847006327	47096.0	19438102.0	0.242287029876	0.0	19438115.0	0.0	45635.0	19438095.0	0.234770948491	0.0	19438108.0	0.0	62450.0	19438100.0	0.321276256424	
k__Bacteria	p__Firmicutes	c__Clostridia	o__Clostridiales	f__Clostridiaceae	g__Clostridium	0.416544925179	0.416544925179	0.285328242952		1.35938429435	0.161914559825	2.0707349338	0.878735061525	1.35491952425	0.448614593008	1.29409071044	0.144098486752	253712.0	19438122.0	1.30522897222	232049.0	19438110.0	1.19378375778	306955.0	19438110.0	1.57914015303	527277.0	19438101.0	2.71259522728	160995.0	19438115.0	0.828243890933	519263.0	19438110.0	2.67136568319	214739.0	19438098.0	1.10473257209	385832.0	19438102.0	1.98492630608	189541.0	19438115.0	0.975099694595	229144.0	19438095.0	1.17883979886	291040.0	19438108.0	1.49726506304	234456.0	19438100.0	1.20616726943	
k__Bacteria	p__Proteobacteria	c__Alphaproteobacteria	o__Rhodospirillales	f__Acetobacteraceae	g__(Acetobacteraceae)	0.42014527162	0.42014527162	0.283456697611		0.0	0.0	0.0205850010791	0.0283438854871	0.0	0.0	0.0	0.0	0.0	19438122.0	0.0	0.0	19438110.0	0.0	0.0	19438110.0	0.0	11792.0	19438101.0	0.0606643622234	0.0	19438115.0	0.0	212.0	19438110.0	0.00109064101397	0.0	19438098.0	0.0	0.0	19438102.0	0.0	0.0	19438115.0	0.0	0.0	19438095.0	0.0	0.0	19438108.0	0.0	0.0	19438100.0	0.0	
k__Bacteria	p__Proteobacteria	c__Alphaproteobacteria	o__Rhodospirillales	f__(Rhodospirillales)	g__(Rhodospirillales)	0.423421804717	0.423421804717	0.281760824736		0.0211611663582	0.0299264084594	0.0346432856872	0.0228433275417	0.0	0.0	0.0364833362965	0.0273612816275	12340.0	19438122.0	0.0634834990747	0.0	19438110.0	0.0	0.0	19438110.0	0.0	2531.0	19438101.0	0.0130208192662	4795.0	19438115.0	0.0246680297961	12876.0	19438110.0	0.0662410079992	0.0	19438098.0	0.0	0.0	19438102.0	0.0	0.0	19438115.0	0.0	8467.0	19438095.0	0.043558795242	0.0	19438108.0	0.0	12808.0	19438100.0	0.0658912136474	
k__Bacteria	p__Firmicutes	c__(Firmicutes bacterium)	o__(Firmicutes bacterium)	f__(Firmicutes bacterium)	g__(Firmicutes bacterium)	0.436722108533	0.436722108533	0.274946312673		0.0910959474576	0.0259837822713	0.0422588987324	0.0597631077183	0.171568528665	0.110997015243	0.250840632057	0.223488014092	13903.0	19438122.0	0.0715243993221	14374.0	19438110.0	0.0739475185602	24845.0	19438110.0	0.127815924491	0.0	19438101.0	0.0	24643.0	19438115.0	0.126776696197	0.0	19438110.0	0.0	24660.0	19438098.0	0.126864264189	63025.0	19438102.0	0.324234331109	12364.0	19438115.0	0.0636069906984	15650.0	19438095.0	0.0805120049058	110131.0	19438108.0	0.566572631452	20495.0	19438100.0	0.105437259814	
k__Bacteria	p__Proteobacteria	c__Gammaproteobacteria	o__Enterobacterales	f__Enterobacteriaceae	g__Escherichia	0.441099079741	0.441099079741	0.272727272727		0.0	0.0	0.258550447579	0.365645549523	0.0	0.0	0.0	0.0	0.0	19438122.0	0.0	0.0	19438110.0	0.0	0.0	19438110.0	0.0	0.0	19438101.0	0.0	150772.0	19438115.0	0.775651342736	0.0	19438110.0	0.0	0.0	19438098.0	0.0	0.0	19438102.0	0.0	0.0	19438115.0	0.0	0.0	19438095.0	0.0	0.0	19438108.0	0.0	0.0	19438100.0	0.0	
k__Bacteria	p__Firmicutes	c__Clostridia	o__Clostridiales	f__Peptostreptococcaceae	g__Romboutsia	0.441099079741	0.441099079741	0.272727272727		0.0	0.0	0.0279605373156	0.039542171083	0.0	0.0	0.0	0.0	0.0	19438122.0	0.0	0.0	19438110.0	0.0	0.0	19438110.0	0.0	0.0	19438101.0	0.0	0.0	19438115.0	0.0	16305.0	19438110.0	0.0838816119468	0.0	19438098.0	0.0	0.0	19438102.0	0.0	0.0	19438115.0	0.0	0.0	19438095.0	0.0	0.0	19438108.0	0.0	0.0	19438100.0	0.0	
k__Bacteria	p__Firmicutes	c__Clostridia	o__Clostridiales	f__Lachnospiraceae	g__([Eubacterium] rectale)	0.441099079741	0.441099079741	0.272727272727		0.0423737780155	0.0599255715585	0.0	0.0	0.0	0.0	0.0	0.0	24710.0	19438122.0	0.127121334047	0.0	19438110.0	0.0	0.0	19438110.0	0.0	0.0	19438101.0	0.0	0.0	19438115.0	0.0	0.0	19438110.0	0.0	0.0	19438098.0	0.0	0.0	19438102.0	0.0	0.0	19438115.0	0.0	0.0	19438095.0	0.0	0.0	19438108.0	0.0	0.0	19438100.0	0.0	
k__Bacteria	p__(uncultured bacterium BAC25G1)	c__(uncultured bacterium BAC25G1)	o__(uncultured bacterium BAC25G1)	f__(uncultured bacterium BAC25G1)	g__(uncultured bacterium BAC25G1)	0.441099079741	0.441099079741	0.272727272727		0.0	0.0	0.0	0.0	0.0227628382004	0.0321915145012	0.0	0.0	0.0	19438122.0	0.0	0.0	19438110.0	0.0	0.0	19438110.0	0.0	0.0	19438101.0	0.0	0.0	19438115.0	0.0	0.0	19438110.0	0.0	0.0	19438098.0	0.0	0.0	19438102.0	0.0	13274.0	19438115.0	0.0682885146013	0.0	19438095.0	0.0	0.0	19438108.0	0.0	0.0	19438100.0	0.0	
k__Bacteria	p__Proteobacteria	c__(Proteobacteria bacterium CAG:495)	o__(Proteobacteria bacterium CAG:495)	f__(Proteobacteria bacterium CAG:495)	g__(Proteobacteria bacterium CAG:495)	0.441099079741	0.441099079741	0.272727272727		0.0	0.0	0.0	0.0	0.0	0.0	0.0200156788341	0.0283064444673	0.0	19438122.0	0.0	0.0	19438110.0	0.0	0.0	19438110.0	0.0	0.0	19438101.0	0.0	0.0	19438115.0	0.0	0.0	19438110.0	0.0	0.0	19438098.0	0.0	0.0	19438102.0	0.0	0.0	19438115.0	0.0	11672.0	19438095.0	0.0600470365023	0.0	19438108.0	0.0	0.0	19438100.0	0.0	
k__Bacteria	p__Firmicutes	c__Bacilli	o__Lactobacillales	f__Streptococcaceae	g__(Streptococcaceae)	0.441099079741	0.441099079741	0.272727272727		0.000385839981356	0.00054566013454	0.0	0.0	0.0	0.0	0.0	0.0	0.0	19438122.0	0.0	0.0	19438110.0	0.0	225.0	19438110.0	0.00115751994407	0.0	19438101.0	0.0	0.0	19438115.0	0.0	0.0	19438110.0	0.0	0.0	19438098.0	0.0	0.0	19438102.0	0.0	0.0	19438115.0	0.0	0.0	19438095.0	0.0	0.0	19438108.0	0.0	0.0	19438100.0	0.0	
k__Bacteria	p__Firmicutes	c__Clostridia	o__Clostridiales	f__Lachnospiraceae	g__Kineothrix	0.441099079741	0.441099079741	0.272727272727		0.0	0.0	0.0	0.0	0.0	0.0	0.0216927979139	0.0306782490157	0.0	19438122.0	0.0	0.0	19438110.0	0.0	0.0	19438110.0	0.0	0.0	19438101.0	0.0	0.0	19438115.0	0.0	0.0	19438110.0	0.0	0.0	19438098.0	0.0	0.0	19438102.0	0.0	0.0	19438115.0	0.0	12650.0	19438095.0	0.0650783937418	0.0	19438108.0	0.0	0.0	19438100.0	0.0	
k__Bacteria	p__Firmicutes	c__Clostridia	o__Clostridiales	f__Clostridiaceae	g__Candidatus Arthromitus	0.441099079741	0.441099079741	0.272727272727		0.0348284889838	0.0492549214778	0.0	0.0	0.0	0.0	0.0	0.0	0.0	19438122.0	0.0	0.0	19438110.0	0.0	20310.0	19438110.0	0.104485466951	0.0	19438101.0	0.0	0.0	19438115.0	0.0	0.0	19438110.0	0.0	0.0	19438098.0	0.0	0.0	19438102.0	0.0	0.0	19438115.0	0.0	0.0	19438095.0	0.0	0.0	19438108.0	0.0	0.0	19438100.0	0.0	
k__Bacteria	p__Bacteroidetes	c__Bacteroidia	o__Bacteroidales	f__(Bacteroidales bacterium WCE2008)	g__(Bacteroidales bacterium WCE2008)	0.441099079741	0.441099079741	0.272727272727		0.0	0.0	0.0222826979515	0.0315124936492	0.0	0.0	0.0	0.0	0.0	19438122.0	0.0	0.0	19438110.0	0.0	0.0	19438110.0	0.0	12994.0	19438101.0	0.0668480938544	0.0	19438115.0	0.0	0.0	19438110.0	0.0	0.0	19438098.0	0.0	0.0	19438102.0	0.0	0.0	19438115.0	0.0	0.0	19438095.0	0.0	0.0	19438108.0	0.0	0.0	19438100.0	0.0	
k__Bacteria	p__Firmicutes	c__(Firmicutes bacterium M10-2)	o__(Firmicutes bacterium M10-2)	f__(Firmicutes bacterium M10-2)	g__(Firmicutes bacterium M10-2)	0.441099079741	0.441099079741	0.272727272727		0.0	0.0	0.0	0.0	0.0	0.0	0.022776574528	0.0322109406019	0.0	19438122.0	0.0	0.0	19438110.0	0.0	0.0	19438110.0	0.0	0.0	19438101.0	0.0	0.0	19438115.0	0.0	0.0	19438110.0	0.0	0.0	19438098.0	0.0	0.0	19438102.0	0.0	0.0	19438115.0	0.0	0.0	19438095.0	0.0	0.0	19438108.0	0.0	13282.0	19438100.0	0.0683297235841	
k__Bacteria	p__Firmicutes	c__Bacilli	o__Lactobacillales	f__Streptococcaceae	g__Streptococcus	0.441099079741	0.441099079741	0.272727272727		0.0233013051852	0.0329530218139	0.0	0.0	0.0	0.0	0.0	0.0	0.0	19438122.0	0.0	0.0	19438110.0	0.0	13588.0	19438110.0	0.0699039155556	0.0	19438101.0	0.0	0.0	19438115.0	0.0	0.0	19438110.0	0.0	0.0	19438098.0	0.0	0.0	19438102.0	0.0	0.0	19438115.0	0.0	0.0	19438095.0	0.0	0.0	19438108.0	0.0	0.0	19438100.0	0.0	
k__Bacteria	p__Proteobacteria	c__Alphaproteobacteria	o__Rhodospirillales	f__Acetobacteraceae	g__Acetobacter	0.441099079741	0.441099079741	0.272727272727		0.0	0.0	0.0197858742439	0.0279814516992	0.0	0.0	0.0	0.0	0.0	19438122.0	0.0	0.0	19438110.0	0.0	0.0	19438110.0	0.0	0.0	19438101.0	0.0	0.0	19438115.0	0.0	11538.0	19438110.0	0.0593576227318	0.0	19438098.0	0.0	0.0	19438102.0	0.0	0.0	19438115.0	0.0	0.0	19438095.0	0.0	0.0	19438108.0	0.0	0.0	19438100.0	0.0	
k__Bacteria	p__Firmicutes	c__Bacilli	o__Bacillales	f__Paenibacillaceae	g__(Paenibacillaceae)	0.441099079741	0.441099079741	0.272727272727		0.0	0.0	0.0	0.0	0.0	0.0	0.020720466553	0.0293031648179	0.0	19438122.0	0.0	0.0	19438110.0	0.0	0.0	19438110.0	0.0	0.0	19438101.0	0.0	0.0	19438115.0	0.0	0.0	19438110.0	0.0	0.0	19438098.0	0.0	0.0	19438102.0	0.0	0.0	19438115.0	0.0	0.0	19438095.0	0.0	12083.0	19438108.0	0.0621613996589	0.0	19438100.0	0.0	
k__Bacteria	p__Actinobacteria <phylum>	c__Actinobacteria	o__(Actinobacteria)	f__(Actinobacteria)	g__(Actinobacteria)	0.441817228448	0.441817228448	0.272364263989		0.0478184244437	0.0102250427805	0.0632314663432	0.0198560797496	0.0741498871959	0.0110910262608	0.0671516161336	0.0192911608648	9993.0	19438122.0	0.0514092873787	11304.0	19438110.0	0.05815380199	6588.0	19438110.0	0.0338921839623	17087.0	19438101.0	0.0879046775197	7636.0	19438115.0	0.0392836445303	12150.0	19438110.0	0.0625060769797	15303.0	19438098.0	0.0787268383975	11443.0	19438102.0	0.058868916317	16494.0	19438115.0	0.0848539068732	8817.0	19438095.0	0.0453593832112	17934.0	19438108.0	0.0922620658348	12408.0	19438100.0	0.0638333993549	
k__Bacteria	p__Proteobacteria	c__Alphaproteobacteria	o__Rhodospirillales	f__Rhodospirillaceae	g__Azospirillum	0.44497652694	0.44497652694	0.27077086828		0.0	0.0	0.0566533165418	0.040924894505	0.0	0.0	0.0640957871643	0.0906451314988	0.0	19438122.0	0.0	0.0	19438110.0	0.0	0.0	19438110.0	0.0	14526.0	19438101.0	0.0747295221894	18511.0	19438115.0	0.095230427436	0.0	19438110.0	0.0	0.0	19438098.0	0.0	0.0	19438102.0	0.0	0.0	19438115.0	0.0	37377.0	19438095.0	0.192287361493	0.0	19438108.0	0.0	0.0	19438100.0	0.0	
k__Bacteria	p__Proteobacteria	c__Epsilonproteobacteria	o__Campylobacterales	f__(Campylobacterales)	g__(Campylobacterales)	0.455317353844	0.455317353844	0.265595095104		0.165688243452	0.0711846952573	0.0779808482941	0.0359077019433	0.087223879076	0.0349607984685	0.124643502493	0.0754430486233	17725.0	19438122.0	0.0911867926336	50845.0	19438110.0	0.261573784694	28050.0	19438110.0	0.144304153027	24930.0	19438101.0	0.128253269185	9065.0	19438115.0	0.0466351804174	11479.0	19438110.0	0.0590540952798	23892.0	19438098.0	0.122913260341	19246.0	19438102.0	0.0990117244986	7726.0	19438115.0	0.0397466523889	16965.0	19438095.0	0.0872770711327	44683.0	19438108.0	0.229873195478	11037.0	19438100.0	0.0567802408672	
k__Bacteria	p__Proteobacteria	c__(Proteobacteria)	o__(Proteobacteria)	f__(Proteobacteria)	g__(Proteobacteria)	0.46541498858	0.46541498858	0.260597361941		0.278288320779	0.0768194456715	0.342303541544	0.045627395762	0.433848885332	0.0928226070011	0.468843868386	0.217718520665	49032.0	19438122.0	0.252246590489	74380.0	19438110.0	0.382650370844	38870.0	19438110.0	0.199968001004	75226.0	19438101.0	0.387002825019	70027.0	19438115.0	0.360256125658	54359.0	19438110.0	0.279651673954	107094.0	19438098.0	0.550948966303	62964.0	19438102.0	0.323920514462	82938.0	19438115.0	0.42667717523	145763.0	19438095.0	0.749883154702	42647.0	19438108.0	0.219398925039	84993.0	19438100.0	0.437249525417	
k__Bacteria	p__Bacteroidetes	c__Bacteroidia	o__Bacteroidales	f__Prevotellaceae	g__Prevotella	0.465619291745	0.465619291745	0.260496798568		4.70953991827	1.53697374013	5.77421053994	0.885315017644	4.21854200213	0.694750553663	3.56872006786	1.93387037552	567882.0	19438122.0	2.92148593367	1297277.0	19438110.0	6.67388444658	881178.0	19438110.0	4.53324937455	1143028.0	19438101.0	5.88034808544	1322088.0	19438115.0	6.80152370742	902076.0	19438110.0	4.64075982696	783086.0	19438098.0	4.02861432224	676186.0	19438102.0	3.47866268013	1000742.0	19438115.0	5.14834900401	796732.0	19438095.0	4.09881729665	190511.0	19438108.0	0.980090243351	1093831.0	19438100.0	5.62725266358	
k__Bacteria	p__Firmicutes	c__Clostridia	o__Clostridiales	f__Lachnospiraceae	g__(Lachnospiraceae bacterium 28-4)	0.465938751827	0.465938751827	0.260339595249		0.173456470015	0.0158406260095	0.124451418626	0.102782240212	0.142073213762	0.100478833119	0.256005784467	0.0898188264572	35101.0	19438122.0	0.180578144329	29449.0	19438110.0	0.151501354813	36600.0	19438110.0	0.188289910902	23644.0	19438101.0	0.121637396575	0.0	19438115.0	0.0	48929.0	19438110.0	0.251716859304	41876.0	19438098.0	0.215432600453	40973.0	19438102.0	0.210787040834	0.0	19438115.0	0.0	44204.0	19438095.0	0.227409115965	73376.0	19438108.0	0.377485298466	31708.0	19438100.0	0.16312293897	
k__Bacteria	p__Proteobacteria	c__Epsilonproteobacteria	o__(Epsilonproteobacteria)	f__(Epsilonproteobacteria)	g__(Epsilonproteobacteria)	0.474059557989	0.474059557989	0.256360906225		0.02049581756	0.00922146559683	0.0097506069952	0.00442931309961	0.0104759884907	0.00427526566179	0.0155193463531	0.00972234197839	2125.0	19438122.0	0.0109321260562	6406.0	19438110.0	0.0329558789409	3421.0	19438110.0	0.0175994476829	3102.0	19438101.0	0.0159583490177	1151.0	19438115.0	0.00592135605742	1433.0	19438110.0	0.00737211591045	2904.0	19438098.0	0.0149397333011	2289.0	19438102.0	0.0117758410775	916.0	19438115.0	0.00471239109348	2024.0	19438095.0	0.0104125429987	5662.0	19438108.0	0.0291283493229	1364.0	19438100.0	0.00701714673759	
k__Bacteria	p__Chlamydiae	c__Chlamydiia	o__Chlamydiales	f__Chlamydiaceae	g__(Chlamydiaceae)	0.480009390823	0.480009390823	0.253466701167		1.88632848015e-05	1.28327209942e-05	7.20234539233e-05	5.09282726737e-05	3.25820546034e-05	1.74880596041e-05	8.74570874954e-05	7.84717026182e-05	3.0	19438122.0	1.54335897264e-05	1.0	19438110.0	5.14453308475e-06	7.0	19438110.0	3.60117315932e-05	0.0	19438101.0	0.0	21.0	19438115.0	0.00010803516699	21.0	19438110.0	0.00010803519478	5.0	19438098.0	2.57226813035e-05	11.0	19438102.0	5.65898872225e-05	3.0	19438115.0	1.54335952843e-05	14.0	19438095.0	7.20235187656e-05	37.0	19438108.0	0.000190347743721	0.0	19438100.0	0.0	
k__Bacteria	p__Firmicutes	c__Erysipelotrichia	o__Erysipelotrichales	f__Erysipelotrichaceae	g__Faecalibaculum	0.484471805877	0.484471805877	0.251307236505		0.0	0.0	0.0756349604316	0.106963986832	0.128104041814	0.0905903108458	0.114088662692	0.0991361053786	0.0	19438122.0	0.0	0.0	19438110.0	0.0	0.0	19438110.0	0.0	44106.0	19438101.0	0.226904881295	0.0	19438115.0	0.0	0.0	19438110.0	0.0	37621.0	19438098.0	0.193542598664	0.0	19438102.0	0.0	37082.0	19438115.0	0.190769526778	19548.0	19438095.0	0.100565410345	0.0	19438108.0	0.0	46982.0	19438100.0	0.241700577731	
k__Bacteria	p__Firmicutes	c__Bacilli	o__Lactobacillales	f__(Lactobacillales)	g__(Lactobacillales)	0.48534555035	0.48534555035	0.250885514875		0.0571471728395	0.0165789831217	0.0634063747623	0.0199280855081	0.0458892475401	0.00751044110199	0.0752216824536	0.0247959223915	14651.0	19438122.0	0.0753725076939	11820.0	19438110.0	0.0608083810617	6854.0	19438110.0	0.0352606297629	10519.0	19438101.0	0.0541153685743	8749.0	19438115.0	0.0450095083808	17707.0	19438110.0	0.0910942473317	7759.0	19438098.0	0.0399164568468	10979.0	19438102.0	0.0564818519833	8022.0	19438115.0	0.0412694337903	10234.0	19438095.0	0.0526491922177	12298.0	19438108.0	0.0632674743859	21333.0	19438100.0	0.109748380757	
k__Bacteria	p__Proteobacteria	c__Gammaproteobacteria	o__(Gammaproteobacteria)	f__(Gammaproteobacteria)	g__(Gammaproteobacteria)	0.552983844324	0.552983844324	0.219208111694		0.0802992891621	0.0124276494828	0.103315942538	0.0306491246574	0.0905969697785	0.0107798193372	0.0802084543103	0.00847230601672	12198.0	19438122.0	0.0627529758276	17484.0	19438110.0	0.0899470164538	17144.0	19438110.0	0.0881978752049	11858.0	19438101.0	0.0610039015643	22612.0	19438115.0	0.11632815219	25778.0	19438110.0	0.132615773859	19821.0	19438098.0	0.101969853223	18214.0	19438102.0	0.0937025641701	14796.0	19438115.0	0.0761184919422	17920.0	19438095.0	0.09219010402	14427.0	19438108.0	0.0742201864502	14426.0	19438100.0	0.0742150724608	
k__Bacteria	p__Proteobacteria	c__Epsilonproteobacteria	o__Campylobacterales	f__Helicobacteraceae	g__(Helicobacteraceae)	0.579506145898	0.579506145898	0.207226627407		0.0354321101793	0.0148159775584	0.0179852914268	0.00886037206012	0.0178926934944	0.00759568349403	0.0305962614645	0.0236316307982	3797.0	19438122.0	0.0195337800637	10730.0	19438110.0	0.0552008399994	6135.0	19438110.0	0.0315617104749	5926.0	19438101.0	0.0304865171757	2137.0	19438115.0	0.0109938643742	2425.0	19438110.0	0.0124754927305	5040.0	19438098.0	0.0259284627539	3897.0	19438102.0	0.0200482536824	1497.0	19438115.0	0.00770136404687	3157.0	19438095.0	0.0162413034816	12423.0	19438108.0	0.0639105410876	2262.0	19438100.0	0.0116369398244	
k__Bacteria	p__Firmicutes	c__(Firmicutes bacterium CAG:475)	o__(Firmicutes bacterium CAG:475)	f__(Firmicutes bacterium CAG:475)	g__(Firmicutes bacterium CAG:475)	0.58170464836	0.58170464836	0.206242606044		0.0	0.0	0.0	0.0	0.0215950439331	0.0305400040103	0.0325494775724	0.046031912631	0.0	19438122.0	0.0	0.0	19438110.0	0.0	0.0	19438110.0	0.0	0.0	19438101.0	0.0	0.0	19438115.0	0.0	0.0	19438110.0	0.0	0.0	19438098.0	0.0	12593.0	19438102.0	0.0647851317994	0.0	19438115.0	0.0	0.0	19438095.0	0.0	0.0	19438108.0	0.0	18981.0	19438100.0	0.0976484327172	
k__Bacteria	p__Firmicutes	c__Clostridia	o__Clostridiales	f__Clostridiaceae	g__Hungatella	0.594528854787	0.594528854787	0.200528159572		0.0232961462704	0.0329457260066	0.0	0.0	0.0	0.0	0.0207599079773	0.0293589434152	13585.0	19438122.0	0.0698884388111	0.0	19438110.0	0.0	0.0	19438110.0	0.0	0.0	19438101.0	0.0	0.0	19438115.0	0.0	0.0	19438110.0	0.0	0.0	19438098.0	0.0	0.0	19438102.0	0.0	0.0	19438115.0	0.0	0.0	19438095.0	0.0	12106.0	19438108.0	0.062279723932	0.0	19438100.0	0.0	
k__Bacteria	p__Tenericutes	c__Mollicutes	o__Mycoplasmatales	f__(Mycoplasmatales)	g__(Mycoplasmatales)	0.595718909668	0.595718909668	0.2		0.0	0.0	1.71484436158e-06	2.42515615351e-06	0.0	0.0	1.71484524379e-06	2.42515740114e-06	0.0	19438122.0	0.0	0.0	19438110.0	0.0	0.0	19438110.0	0.0	0.0	19438101.0	0.0	0.0	19438115.0	0.0	1.0	19438110.0	5.14453308475e-06	0.0	19438098.0	0.0	0.0	19438102.0	0.0	0.0	19438115.0	0.0	0.0	19438095.0	0.0	0.0	19438108.0	0.0	1.0	19438100.0	5.14453573137e-06	
k__Bacteria	p__Tenericutes	c__Mollicutes	o__(Mollicutes)	f__(Mollicutes)	g__(Mollicutes)	0.609404624832	0.609404624832	0.193950423886		0.0237951803613	0.0336514667861	0.0200876876772	0.00465972360331	0.0526423193444	0.0372285872211	0.0421200224642	0.0202035893485	0.0	19438122.0	0.0	13876.0	19438110.0	0.071385541084	0.0	19438110.0	0.0	3842.0	19438101.0	0.0197653052631	5044.0	19438115.0	0.0259490182047	2828.0	19438110.0	0.0145487395637	15492.0	19438098.0	0.0796991557507	15206.0	19438102.0	0.0782278022823	0.0	19438115.0	0.0	7018.0	19438095.0	0.0361043610498	13474.0	19438108.0	0.069317445916	4070.0	19438100.0	0.0209382604267	
k__Bacteria	p__Proteobacteria	c__Betaproteobacteria	o__Burkholderiales	f__Sutterellaceae	g__(Sutterellaceae)	0.638812131153	0.638812131153	0.181086067493		0.0253642629522	0.0358704846666	0.0	0.0	0.0417376039151	0.0295483965409	0.0337738770765	0.0477634750155	0.0	19438122.0	0.0	14791.0	19438110.0	0.0760927888565	0.0	19438110.0	0.0	0.0	19438101.0	0.0	0.0	19438115.0	0.0	0.0	19438110.0	0.0	11825.0	19438098.0	0.0608341412828	0.0	19438102.0	0.0	12514.0	19438115.0	0.0643786704626	0.0	19438095.0	0.0	0.0	19438108.0	0.0	19695.0	19438100.0	0.101321631229	
k__Bacteria	p__Bacteroidetes	c__Bacteroidia	o__Bacteroidales	f__(Bacteroidales bacterium 52_46)	g__(Bacteroidales bacterium 52_46)	0.681831345082	0.681831345082	0.162520190205		1.20784691595	0.300289899487	0.881979029454	0.813257887266	0.961828832732	0.546187904488	0.570000776721	0.142860056289	264910.0	19438122.0	1.36283741814	286277.0	19438110.0	1.4727614979	153161.0	19438110.0	0.787941831793	393833.0	19438101.0	2.02608783646	80013.0	19438115.0	0.411629419828	40474.0	19438110.0	0.208219832072	148802.0	19438098.0	0.765517284664	80281.0	19438102.0	0.413008430556	331801.0	19438115.0	1.70696078298	95545.0	19438095.0	0.49153479289	149764.0	19438108.0	0.770465932178	87083.0	19438100.0	0.448001605095	
k__Bacteria	p__(uncultured bacterium BAC10G6)	c__(uncultured bacterium BAC10G6)	o__(uncultured bacterium BAC10G6)	f__(uncultured bacterium BAC10G6)	g__(uncultured bacterium BAC10G6)	0.771590832062	0.771590832062	0.12414317892		0.023068086352	0.032623200577	0.0253522525204	0.035853499351	0.0371366599419	0.0525191681511	0.0	0.0	0.0	19438122.0	0.0	13452.0	19438110.0	0.0692042590561	0.0	19438110.0	0.0	0.0	19438101.0	0.0	14784.0	19438115.0	0.0760567575611	0.0	19438110.0	0.0	0.0	19438098.0	0.0	0.0	19438102.0	0.0	21656.0	19438115.0	0.111409979826	0.0	19438095.0	0.0	0.0	19438108.0	0.0	0.0	19438100.0	0.0	
k__Bacteria	p__Proteobacteria	c__Gammaproteobacteria	o__Enterobacterales	f__(Enterobacterales)	g__(Enterobacterales)	0.774874679649	0.774874679649	0.122733399108		0.0254071328184	0.0265934273157	0.0284475482991	0.0331352037587	0.0108138115057	0.000792193855606	0.0115529120592	0.000970102042567	1174.0	19438122.0	0.00603967811294	12248.0	19438110.0	0.063010241222	1394.0	19438110.0	0.00717147912014	2026.0	19438101.0	0.0104228288556	14563.0	19438115.0	0.0749198160418	0.0	19438110.0	0.0	2066.0	19438098.0	0.0106286119146	2306.0	19438102.0	0.0118632981759	1934.0	19438115.0	0.00994952442662	2377.0	19438095.0	0.012228564579	1979.0	19438108.0	0.0101810320223	2381.0	19438100.0	0.0122491395764	
k__Bacteria	p__Bacteroidetes	c__Bacteroidia	o__Bacteroidales	f__Tannerellaceae	g__(Tannerellaceae)	1.0	1.0	-1.0	degenerate case: failed to calculate p-value	0.0	0.0	0.0	0.0	0.0	0.0	0.0	0.0	0.0	19438122.0	0.0	0.0	19438110.0	0.0	0.0	19438110.0	0.0	0.0	19438101.0	0.0	0.0	19438115.0	0.0	0.0	19438110.0	0.0	0.0	19438098.0	0.0	0.0	19438102.0	0.0	0.0	19438115.0	0.0	0.0	19438095.0	0.0	0.0	19438108.0	0.0	0.0	19438100.0	0.0	
k__Bacteria	p__Bacteroidetes	c__Bacteroidia	o__Bacteroidales	f__Barnesiellaceae	g__(Barnesiellaceae)	1.0	1.0	-1.0	degenerate case: failed to calculate p-value	0.0	0.0	0.0	0.0	0.0	0.0	0.0	0.0	0.0	19438122.0	0.0	0.0	19438110.0	0.0	0.0	19438110.0	0.0	0.0	19438101.0	0.0	0.0	19438115.0	0.0	0.0	19438110.0	0.0	0.0	19438098.0	0.0	0.0	19438102.0	0.0	0.0	19438115.0	0.0	0.0	19438095.0	0.0	0.0	19438108.0	0.0	0.0	19438100.0	0.0	
k__Bacteria	p__Bacteroidetes	c__Bacteroidia	o__Bacteroidales	f__Muribaculaceae	g__(Muribaculaceae bacterium DSM 103720)	1.0	1.0	-1.0	degenerate case: failed to calculate p-value	0.0	0.0	0.0	0.0	0.0	0.0	0.0	0.0	0.0	19438122.0	0.0	0.0	19438110.0	0.0	0.0	19438110.0	0.0	0.0	19438101.0	0.0	0.0	19438115.0	0.0	0.0	19438110.0	0.0	0.0	19438098.0	0.0	0.0	19438102.0	0.0	0.0	19438115.0	0.0	0.0	19438095.0	0.0	0.0	19438108.0	0.0	0.0	19438100.0	0.0	
k__Bacteria	p__Tenericutes	c__Mollicutes	o__Anaeroplasmatales	f__(Anaeroplasmatales)	g__(Anaeroplasmatales)	1.0	1.0	-1.0	degenerate case: failed to calculate p-value	0.0	0.0	0.0	0.0	0.0	0.0	0.0	0.0	0.0	19438122.0	0.0	0.0	19438110.0	0.0	0.0	19438110.0	0.0	0.0	19438101.0	0.0	0.0	19438115.0	0.0	0.0	19438110.0	0.0	0.0	19438098.0	0.0	0.0	19438102.0	0.0	0.0	19438115.0	0.0	0.0	19438095.0	0.0	0.0	19438108.0	0.0	0.0	19438100.0	0.0	
k__Bacteria	p__Firmicutes	c__Erysipelotrichia	o__(Erysipelotrichia)	f__(Erysipelotrichia)	g__(Erysipelotrichia)	1.0	1.0	-1.0	degenerate case: failed to calculate p-value	0.0	0.0	0.0	0.0	0.0	0.0	0.0	0.0	0.0	19438122.0	0.0	0.0	19438110.0	0.0	0.0	19438110.0	0.0	0.0	19438101.0	0.0	0.0	19438115.0	0.0	0.0	19438110.0	0.0	0.0	19438098.0	0.0	0.0	19438102.0	0.0	0.0	19438115.0	0.0	0.0	19438095.0	0.0	0.0	19438108.0	0.0	0.0	19438100.0	0.0	
k__Bacteria	p__Deferribacteres <phylum>	c__Deferribacteres	o__Deferribacterales	f__(Deferribacterales)	g__(Deferribacterales)	1.0	1.0	-1.0	degenerate case: failed to calculate p-value	0.0	0.0	0.0	0.0	0.0	0.0	0.0	0.0	0.0	19438122.0	0.0	0.0	19438110.0	0.0	0.0	19438110.0	0.0	0.0	19438101.0	0.0	0.0	19438115.0	0.0	0.0	19438110.0	0.0	0.0	19438098.0	0.0	0.0	19438102.0	0.0	0.0	19438115.0	0.0	0.0	19438095.0	0.0	0.0	19438108.0	0.0	0.0	19438100.0	0.0	
k__Bacteria	p__Proteobacteria	c__Deltaproteobacteria	o__Desulfovibrionales	f__Desulfovibrionaceae	g__(Desulfovibrionaceae bacterium)	1.0	1.0	-1.0	degenerate case: failed to calculate p-value	0.0	0.0	0.0	0.0	0.0	0.0	0.0	0.0	0.0	19438122.0	0.0	0.0	19438110.0	0.0	0.0	19438110.0	0.0	0.0	19438101.0	0.0	0.0	19438115.0	0.0	0.0	19438110.0	0.0	0.0	19438098.0	0.0	0.0	19438102.0	0.0	0.0	19438115.0	0.0	0.0	19438095.0	0.0	0.0	19438108.0	0.0	0.0	19438100.0	0.0	
k__Bacteria	p__Bacteroidetes	c__Bacteroidia	o__Bacteroidales	f__Muribaculaceae	g__(Muribaculaceae bacterium DSM 100764)	1.0	1.0	-1.0	degenerate case: failed to calculate p-value	0.0	0.0	0.0	0.0	0.0	0.0	0.0	0.0	0.0	19438122.0	0.0	0.0	19438110.0	0.0	0.0	19438110.0	0.0	0.0	19438101.0	0.0	0.0	19438115.0	0.0	0.0	19438110.0	0.0	0.0	19438098.0	0.0	0.0	19438102.0	0.0	0.0	19438115.0	0.0	0.0	19438095.0	0.0	0.0	19438108.0	0.0	0.0	19438100.0	0.0	
k__Bacteria	p__Deferribacteres <phylum>	c__(Deferribacteres <phylum>)	o__(Deferribacteres <phylum>)	f__(Deferribacteres <phylum>)	g__(Deferribacteres <phylum>)	1.0	1.0	-1.0	degenerate case: failed to calculate p-value	0.0	0.0	0.0	0.0	0.0	0.0	0.0	0.0	0.0	19438122.0	0.0	0.0	19438110.0	0.0	0.0	19438110.0	0.0	0.0	19438101.0	0.0	0.0	19438115.0	0.0	0.0	19438110.0	0.0	0.0	19438098.0	0.0	0.0	19438102.0	0.0	0.0	19438115.0	0.0	0.0	19438095.0	0.0	0.0	19438108.0	0.0	0.0	19438100.0	0.0	
k__Bacteria	p__Bacteroidetes	c__Bacteroidia	o__Bacteroidales	f__Muribaculaceae	g__(Muribaculaceae bacterium DSM 100749)	1.0	1.0	-1.0	degenerate case: failed to calculate p-value	0.0	0.0	0.0	0.0	0.0	0.0	0.0	0.0	0.0	19438122.0	0.0	0.0	19438110.0	0.0	0.0	19438110.0	0.0	0.0	19438101.0	0.0	0.0	19438115.0	0.0	0.0	19438110.0	0.0	0.0	19438098.0	0.0	0.0	19438102.0	0.0	0.0	19438115.0	0.0	0.0	19438095.0	0.0	0.0	19438108.0	0.0	0.0	19438100.0	0.0	
k__Bacteria	p__Deferribacteres <phylum>	c__Deferribacteres	o__(Deferribacteres)	f__(Deferribacteres)	g__(Deferribacteres)	1.0	1.0	-1.0	degenerate case: failed to calculate p-value	0.0	0.0	0.0	0.0	0.0	0.0	0.0	0.0	0.0	19438122.0	0.0	0.0	19438110.0	0.0	0.0	19438110.0	0.0	0.0	19438101.0	0.0	0.0	19438115.0	0.0	0.0	19438110.0	0.0	0.0	19438098.0	0.0	0.0	19438102.0	0.0	0.0	19438115.0	0.0	0.0	19438095.0	0.0	0.0	19438108.0	0.0	0.0	19438100.0	0.0	
k__Bacteria	p__Bacteroidetes	c__Bacteroidia	o__Bacteroidales	f__Muribaculaceae	g__(Muribaculaceae)	1.0	1.0	-1.0	degenerate case: failed to calculate p-value	0.0	0.0	0.0	0.0	0.0	0.0	0.0	0.0	0.0	19438122.0	0.0	0.0	19438110.0	0.0	0.0	19438110.0	0.0	0.0	19438101.0	0.0	0.0	19438115.0	0.0	0.0	19438110.0	0.0	0.0	19438098.0	0.0	0.0	19438102.0	0.0	0.0	19438115.0	0.0	0.0	19438095.0	0.0	0.0	19438108.0	0.0	0.0	19438100.0	0.0	
k__Bacteria	p__Spirochaetes	c__Spirochaetia	o__Brachyspirales	f__Brachyspiraceae	g__(Brachyspiraceae)	1.0	1.0	-1.0	degenerate case: failed to calculate p-value	0.0	0.0	0.0	0.0	0.0	0.0	0.0	0.0	0.0	19438122.0	0.0	0.0	19438110.0	0.0	0.0	19438110.0	0.0	0.0	19438101.0	0.0	0.0	19438115.0	0.0	0.0	19438110.0	0.0	0.0	19438098.0	0.0	0.0	19438102.0	0.0	0.0	19438115.0	0.0	0.0	19438095.0	0.0	0.0	19438108.0	0.0	0.0	19438100.0	0.0	
k__Bacteria	p__Tenericutes	c__Mollicutes	o__Anaeroplasmatales	f__Anaeroplasmataceae	g__(Anaeroplasmataceae)	1.0	1.0	-1.0	degenerate case: failed to calculate p-value	0.0	0.0	0.0	0.0	0.0	0.0	0.0	0.0	0.0	19438122.0	0.0	0.0	19438110.0	0.0	0.0	19438110.0	0.0	0.0	19438101.0	0.0	0.0	19438115.0	0.0	0.0	19438110.0	0.0	0.0	19438098.0	0.0	0.0	19438102.0	0.0	0.0	19438115.0	0.0	0.0	19438095.0	0.0	0.0	19438108.0	0.0	0.0	19438100.0	0.0	
k__Bacteria	p__Bacteroidetes	c__Bacteroidia	o__Bacteroidales	f__(Bacteroidales bacterium)	g__(Bacteroidales bacterium)	1.0	1.0	-1.0	degenerate case: failed to calculate p-value	0.0	0.0	0.0	0.0	0.0	0.0	0.0	0.0	0.0	19438122.0	0.0	0.0	19438110.0	0.0	0.0	19438110.0	0.0	0.0	19438101.0	0.0	0.0	19438115.0	0.0	0.0	19438110.0	0.0	0.0	19438098.0	0.0	0.0	19438102.0	0.0	0.0	19438115.0	0.0	0.0	19438095.0	0.0	0.0	19438108.0	0.0	0.0	19438100.0	0.0	
k__Bacteria	p__Spirochaetes	c__Spirochaetia	o__Brachyspirales	f__(Brachyspirales)	g__(Brachyspirales)	1.0	1.0	-1.0	degenerate case: failed to calculate p-value	0.0	0.0	0.0	0.0	0.0	0.0	0.0	0.0	0.0	19438122.0	0.0	0.0	19438110.0	0.0	0.0	19438110.0	0.0	0.0	19438101.0	0.0	0.0	19438115.0	0.0	0.0	19438110.0	0.0	0.0	19438098.0	0.0	0.0	19438102.0	0.0	0.0	19438115.0	0.0	0.0	19438095.0	0.0	0.0	19438108.0	0.0	0.0	19438100.0	0.0	
k__Bacteria	p__Firmicutes	c__Erysipelotrichia	o__Erysipelotrichales	f__(Erysipelotrichales)	g__(Erysipelotrichales)	1.0	1.0	-1.0	degenerate case: failed to calculate p-value	0.0	0.0	0.0	0.0	0.0	0.0	0.0	0.0	0.0	19438122.0	0.0	0.0	19438110.0	0.0	0.0	19438110.0	0.0	0.0	19438101.0	0.0	0.0	19438115.0	0.0	0.0	19438110.0	0.0	0.0	19438098.0	0.0	0.0	19438102.0	0.0	0.0	19438115.0	0.0	0.0	19438095.0	0.0	0.0	19438108.0	0.0	0.0	19438100.0	0.0	
k__Eukaryota	p__(Eukaryota)	c__(Eukaryota)	o__(Eukaryota)	f__(Eukaryota)	g__(Eukaryota)	0.130074874047	0.130074874047	0.487524474561		8.55685117645	3.80757417164	4.02335205035	3.05109564849	4.97792584383	1.71720875757	1.49278824818	0.489463708147	919025.0	19438122.0	4.72795159944	1398070.0	19438110.0	7.1924173698	2672776.0	19438110.0	13.7501845601	23342.0	19438101.0	0.120083746864	851806.0	19438115.0	4.38214302158	1471043.0	19438110.0	7.56782938259	1377488.0	19438098.0	7.08653696468	965480.0	19438102.0	4.96694584687	559875.0	19438115.0	2.88029471994	324298.0	19438095.0	1.66836307776	160391.0	19438108.0	0.825136890895	385820.0	19438100.0	1.98486477588	
