Sample_ID	Control_327	Control_328	Control_330	DSS_334	DSS_339	DSS_treatedp	D_Control	D_DSS	D_RCE	D_RCE+DSS	RCE_318	RCE_319	RCE_322	RCE_plus_DSS_301	RCE_plus_DSS_305	RCE_plus_DSS_313	Start
1CMET2-PWY: N10-formyl-tetrahydrofolate biosynthesis	41.9616	42.3993	20.2389	73.7785	94.7914	26.241	57.967	115.561	87.0372	125.152	31.434	22.7021	32.4258	55.6733	64.6666	45.2719	48.664
3-HYDROXYPHENYLACETATE-DEGRADATION-PWY: 4-hydroxyphenylacetate degradation	0	0	0	0.726996	7.7771	0	0	2.02724	0	0.198155	0	0	0	0	0	0	0
ANAEROFRUCAT-PWY: homolactic fermentation	58.9143	66.8793	37.7709	80.9159	76.8663	35.254	51.1248	94.5613	59.6906	108.633	35.8187	53.6745	29.9989	59.1086	59.5676	68.4099	48.5266
ANAGLYCOLYSIS-PWY: glycolysis III (from glucose)	64.4085	71.4343	39.6503	115.849	95.0896	69.9239	51.7241	109.407	75.6615	128.453	33.5605	56.2378	31.3456	60.377	53.0597	73.1833	51.1334
ARG+POLYAMINE-SYN: superpathway of arginine and polyamine biosynthesis	3.44197	0	0	0.892923	8.59772	0	0	1.27243	0	2.14721	0	0	0	0	0	0	0
"ARGDEG-PWY: superpathway of L-arginine, putrescine, and 4-aminobutanoate degradation"	0	0	0	0.701705	8.03835	0	0	1.36181	0	0.233052	0	0	0	0	0	0	0
ARGININE-SYN4-PWY: L-ornithine de novo  biosynthesis	6.43937	18.0653	4.45818	50.2499	67.4709	38.6969	40.7268	78.6386	54.1566	98.0804	12.6504	19.8311	17.0622	38.2962	36.1782	48.929	34.4045
ARGSYN-PWY: L-arginine biosynthesis I (via L-ornithine)	34.9318	22.46	25.4283	44.843	56.6721	0	18.0288	40.8005	10.8442	16.3378	14.0992	12.4574	13.3647	37.8457	97.0138	2.07135	32.4536
ARGSYNBSUB-PWY: L-arginine biosynthesis II (acetyl cycle)	0	0	0	21.1041	64.0783	0	0	13.0046	2.05416	4.26275	5.76294	2.15013	5.43458	16.2041	51.621	0	15.3018
ARO-PWY: chorismate biosynthesis I	34.681	16.1146	22.6409	39.9496	41.0784	21.0879	35.2238	24.386	35.4595	48.1745	27.8852	28.4261	19.8384	54.506	66.3383	34.36	31.8254
ASPASN-PWY: superpathway of L-aspartate and L-asparagine biosynthesis	32.6837	35.929	41.2534	93.9325	79.8211	47.4806	54.6066	93.1927	61.2272	113.373	47.8567	71.9661	48.3522	74.3783	88.6054	62.3784	46.9698
AST-PWY: L-arginine degradation II (AST pathway)	0	0	0	0.408331	5.29661	0	0	1.10659	0	0.0700892	0	0	0	0	0	0	0
BIOTIN-BIOSYNTHESIS-PWY: biotin biosynthesis I	0	0	0	1.36504	21.9694	0	0	4.99467	0	1.62779	2.93957	0	0	0	0	8.00088	0
BRANCHED-CHAIN-AA-SYN-PWY: superpathway of branched amino acid biosynthesis	101.8	93.2391	76.3166	179.204	100.21	77.4393	100.248	122.797	73.0102	130.204	79.5862	92.551	69.5022	141.424	169.457	134.647	89.2781
CALVIN-PWY: Calvin-Benson-Bassham cycle	75.1622	74.324	41.713	179.27	126.412	80.286	95.4538	150.774	137.621	147.08	102.684	108.338	131.844	128.843	129.415	153.205	106.549
CENTFERM-PWY: pyruvate fermentation to butanoate	0	0	0	0	0	0	0	1.83567	0	0	0	0	0	0	0	0	0
CITRULBIO-PWY: L-citrulline biosynthesis	70.6723	53.7435	49.9499	75.6565	24.6635	29.9458	64.2395	68.8759	38.8246	90.7011	62.1075	58.3369	39.3472	65.3939	121.611	51.5079	57.6943
COA-PWY-1: coenzyme A biosynthesis II (mammalian)	38.6991	21.7645	19.1058	61.356	69.8617	27.7079	27.0484	83.3289	48.7135	85.7204	19.6057	19.7114	15.063	36.5225	56.8095	34.561	23.199
COA-PWY: coenzyme A biosynthesis I	10.5932	12.8396	4.68142	23.8713	58.5498	10.1598	13.2958	58.1089	19.1517	56.5411	6.07709	7.38831	5.60664	13.7674	21.5325	11.7389	8.41446
COBALSYN-PWY: adenosylcobalamin salvage from cobinamide I	0	0	0	2.56892	12.6609	0	0	4.19995	0	0.468243	0	0	0	0	0	0	0
COLANSYN-PWY: colanic acid building blocks biosynthesis	2.788	4.74226	4.03533	14.8876	18.8483	5.83473	9.01908	28.3668	17.9072	9.87195	8.29968	7.98452	0	7.90309	16.3634	4.70175	6.18111
COMPLETE-ARO-PWY: superpathway of aromatic amino acid biosynthesis	37.7636	17.883	24.5368	43.3854	43.5253	22.6045	38.2875	27.0261	38.2608	52.5394	30.2689	30.799	21.4877	56.4301	70.3725	36.7457	34.2515
DAPLYSINESYN-PWY: L-lysine biosynthesis I	55.7372	47.7446	40.5312	72.353	38.4297	28.3523	60.5491	65.4388	38.5651	85.0413	49.8655	46.853	34.8255	57.1531	86.2336	46.0181	51.6206
DENOVOPURINE2-PWY: superpathway of purine nucleotides de novo biosynthesis II	57.3762	56.2666	41.8176	139.074	89.7811	64.0507	73.588	129.196	84.9626	135.713	59.0195	74.4071	54.4241	100.654	105.202	106.656	73.6811
DTDPRHAMSYN-PWY: dTDP-L-rhamnose biosynthesis I	47.4557	53.866	38.0961	76.624	91.6403	57.928	60.4402	135.251	86.3911	124.019	54.46	45.7879	63.3056	57.1814	64.4881	83.7699	72.5642
ECASYN-PWY: enterobacterial common antigen biosynthesis	0	0	0	0	8.87648	0	0	1.69999	0	0	0	0	0	0	0	0	0
ENTBACSYN-PWY: enterobactin biosynthesis	0	0	0	3.905	21.3339	0	0	6.41085	0	0.700805	0	0	0	0	0	0	0
FAO-PWY: fatty acid &beta;-oxidation I	0	0	0	0.486793	3.81775	0	0	1.52233	0	0.863628	0	0	0	0.193804	0	0	0
FASYN-ELONG-PWY: fatty acid elongation -- saturated	0	0	0	0.880589	20.8785	0	0	3.79362	0	1.36485	3.00696	0	0	0	0	7.6811	0
FASYN-INITIAL-PWY: superpathway of fatty acid biosynthesis initiation (E. coli)	0	0	0	0.551161	13.9537	0	0	2.39253	0	0.855295	1.89408	0	0	0	0	4.88371	0
FERMENTATION-PWY: mixed acid fermentation	4.89349	0	0	5.18819	16.657	0	0	7.58735	0	1.67609	0	0	0	0	10.6722	0	0
FOLSYN-PWY: superpathway of tetrahydrofolate biosynthesis and salvage	0	5.90719	0	2.02579	33.3194	0	2.76216	10.333	1.4209	4.8542	0.431477	2.44983	0	3.26145	2.29998	1.24412	0
FUC-RHAMCAT-PWY: superpathway of fucose and rhamnose degradation	0	0	0	2.85849	22.2027	0	0	6.92058	0	0	0	0	0	0	0	0	0
FUCCAT-PWY: fucose degradation	0	0	0	1.66863	14.0296	0	0	3.79508	0	0.852656	0	0	0	0	0	0	0
GALACT-GLUCUROCAT-PWY: superpathway of hexuronide and hexuronate degradation	7.9926	2.31178	5.39211	14.5207	22.8607	0	0	11.7974	4.3824	8.53772	0	8.2005	0	7.36506	6.60974	12.1353	5.49486
GALACTARDEG-PWY: D-galactarate degradation I	0	0	0	0.635284	8.38396	0	0	1.43312	0	0.471816	0	0	0	0	0	0	0
GALACTUROCAT-PWY: D-galacturonate degradation I	10.1356	3.83445	4.68519	11.0952	18.1219	5.15606	5.90584	9.47876	3.25097	12.2779	0	7.53571	0	14.3913	9.5014	9.79483	3.88891
"GLCMANNANAUT-PWY: superpathway of N-acetylglucosamine, N-acetylmannosamine and N-acetylneuraminate degradation"	7.62573	9.57079	10.2886	20.3984	19.0279	7.53046	16.5445	27.3777	26.4317	28.4387	8.68249	17.6202	17.7494	11.665	22.6615	10.7819	15.4439
GLUCARDEG-PWY: D-glucarate degradation I	0	0	0	0.635284	8.38396	0	0	1.94023	0	0.362237	0	0	0	0	0	0	0
GLUCARGALACTSUPER-PWY: superpathway of D-glucarate and D-galactarate degradation	0	0	0	0.635284	8.38396	0	0	1.43312	0	0.471816	0	0	0	0	0	0	0
GLUCONEO-PWY: gluconeogenesis I	31.0902	36.8299	29.8663	32.4048	28.1339	3.01742	27.1161	42.436	40.5367	27.7417	23.1698	30.2969	26.3782	31.1257	16.1663	23.4094	19.7256
GLUCOSE1PMETAB-PWY: glucose and glucose-1-phosphate degradation	0	0	0	1.86634	30.1093	0	0	7.24995	0	1.96441	0	0	0	0	0	0	0
GLUCUROCAT-PWY: superpathway of &beta;-D-glucuronide and D-glucuronate degradation	6.23009	1.65954	4.49555	11.347	19.7483	0	0	9.63046	3.0956	6.23186	0	5.814	0	5.50575	5.32885	10.0358	3.97792
GLUDEG-I-PWY: GABA shunt	0	0	0	2.07443	24.8211	0	0	5.61288	0	1.62257	0	0	0	0.245545	0	0	0
GLUTORN-PWY: L-ornithine biosynthesis	8.30447	5.70191	6.33117	12.0066	31.7391	0	4.24337	11.4352	2.44455	3.71588	3.22412	2.76657	3.04589	9.21976	29.7734	0.435689	8.67218
GLYCOCAT-PWY: glycogen degradation I (bacterial)	0	0	0	0.619215	8.85107	0	0	3.76894	0	0.618843	0	0	0	0	0	0	0
GLYCOGENSYNTH-PWY: glycogen biosynthesis I (from ADP-D-Glucose)	31.079	14.3165	12.1386	10.329	12.1387	6.7691	7.33427	19.4279	25.1669	5.49397	21.306	15.5939	15.4687	6.79221	12.0743	11.6037	15.0249
GLYCOL-GLYOXDEG-PWY: superpathway of glycol metabolism and degradation	0	0	0	0.474323	4.9781	0	0	0.704289	0	0	0	0	0	0	0	0	0
GLYCOLYSIS-E-D: superpathway of glycolysis and Entner-Doudoroff	10.8109	3.60304	0	5.63619	21.3364	0	0	9.38604	0	1.44883	0	0	0	4.45176	2.89937	1.13067	0
"GLYCOLYSIS-TCA-GLYOX-BYPASS: superpathway of glycolysis, pyruvate dehydrogenase, TCA, and glyoxylate bypass"	0	0	0	5.11718	29.7425	0	0	8.76268	0	1.85247	0	0	0	0	0	0	0
GLYCOLYSIS: glycolysis I (from glucose 6-phosphate)	59.4687	81.3238	50.0426	125.016	96.9042	72.8184	66.7001	126.664	69.2847	134.576	49.5375	54.1429	40.1258	69.2908	80.8515	71.856	61.3664
GLYOXYLATE-BYPASS: glyoxylate cycle	0	0	0	1.65292	14.1484	0	0	3.12174	0	0.60046	0	0	0	0	0	0	0
"GOLPDLCAT-PWY: superpathway of glycerol degradation to 1,3-propanediol"	0	0	0	0	0	0	0	0	0	0.78718	0	0	0	0	0	0	0
HCAMHPDEG-PWY: 3-phenylpropanoate and 3-(3-hydroxyphenyl)propanoate degradation to 2-oxopent-4-enoate	0	0	0	0.230884	6.53447	0	0	0.883904	0	0.176992	0	0	0	0	0	0	0
HEME-BIOSYNTHESIS-II: heme biosynthesis I (aerobic)	0	0	0	1.4448	5.23039	0	0	2.14122	0	0.908666	0	0	0	0	0	0	0
HEMESYN2-PWY: heme biosynthesis II (anaerobic)	0	0	0	6.17682	12.4361	0	0	4.29084	1.31704	1.64827	0.9031	1.61512	2.29889	6.1567	17.6139	0.282565	3.98086
HEXITOLDEGSUPER-PWY: superpathway of hexitol degradation (bacteria)	14.9872	2.34621	0	10.9154	27.3955	0	1.44955	16.183	5.17738	4.27454	4.14081	1.57363	2.20708	0	1.39344	0	3.66384
HISDEG-PWY: L-histidine degradation I	16.1597	22.8898	11.8917	113.439	50.476	68.2048	44.3618	70.8543	53.6053	90.4311	34.3245	42.3644	27.4788	64.309	50.6427	81.6103	47.0437
HISTSYN-PWY: L-histidine biosynthesis	22.4492	12.5064	22.9278	38.0444	42.2985	19.5884	24.319	35.1458	20.6864	39.4276	25.6802	38.5961	15.0885	55.884	69.7063	36.3364	22.7493
HOMOSER-METSYN-PWY: L-methionine biosynthesis I	1.79991	1.36006	1.96756	6.75111	12.4432	6.72357	2.91349	4.87633	6.75377	8.75003	3.13815	14.1915	2.65276	5.87246	3.12364	8.19214	5.65878
HSERMETANA-PWY: L-methionine biosynthesis III	1.68593	1.31041	1.94906	6.38178	9.68365	7.07313	2.7363	3.80656	5.51074	7.41045	3.13551	15.4249	2.38522	6.2968	3.08791	8.06672	5.28152
ILEUSYN-PWY: L-isoleucine biosynthesis I (from threonine)	309.912	174.837	182.937	237.801	141.051	117.21	206.4	228.56	207.194	272.234	186.661	218.974	189.43	309.722	361.384	266.317	189.354
KDO-NAGLIPASYN-PWY: superpathway of (Kdo)2-lipid A biosynthesis	0	0	0	0.740966	6.90208	0	0	1.33754	0	0.255077	0	0	0	0	0	0	0
KETOGLUCONMET-PWY: ketogluconate metabolism	0	0	0	1.45801	3.64727	0	0	5.68903	0	0.652	0	0	0	0.994716	0	0	0
LACTOSECAT-PWY: lactose and galactose degradation I	2.44228	0.568258	0	3.01421	0	0	0	0	0	1.04786	1.0829	0	0	0	0.344045	0	0.954938
LPSSYN-PWY: superpathway of lipopolysaccharide biosynthesis	0	0	0	1.22597	11.3674	0	0	2.60491	0	0.460919	0	0	0	0	0	0	0
MET-SAM-PWY: superpathway of S-adenosyl-L-methionine biosynthesis	4.12811	3.10607	4.4518	14.6841	22.8744	13.1168	6.55909	10.6779	14.5613	18.551	7.02137	28.9217	5.99794	13.0581	7.10588	17.639	12.3775
METHGLYUT-PWY: superpathway of methylglyoxal degradation	0	0	0	0	3.49687	0	0	0.21598	0	0	0	0	0	0	0	0	0
METSYN-PWY: L-homoserine and L-methionine biosynthesis	3.54602	2.6685	3.82938	12.6676	20.0183	11.3833	5.64387	9.20168	12.5888	16.0273	6.04381	25.2001	5.16064	11.2563	6.10847	15.2552	10.6924
NAD-BIOSYNTHESIS-II: NAD salvage pathway II	0	0	0	3.66514	17.2837	0	0	3.12346	0	1.68174	0	0	0	0.25425	0	0	0
NAGLIPASYN-PWY: lipid IVA biosynthesis	0	0.538346	0	2.50185	21.3649	0	0	5.67363	0	0.885638	0	0	0	0	0	0.731116	0
NONMEVIPP-PWY: methylerythritol phosphate pathway I	42.6593	26.5848	31.7195	78.2294	81.6247	37.4061	50.9464	105.055	74.9786	120.06	37.5262	42.2799	36.0557	70.501	80.6252	52.6173	42.7781
NONOXIPENT-PWY: pentose phosphate pathway (non-oxidative branch)	28.6383	25.2032	16.1691	120.194	96.3565	67.3109	45.1151	123.028	62.1146	107.776	44.5308	50.9824	54.4555	76.3908	83.2623	89.7925	44.9404
OANTIGEN-PWY: O-antigen building blocks biosynthesis (E. coli)	28.0473	22.7663	10.7922	16.6384	28.1635	0	14.0197	30.0982	20.6435	11.707	5.21607	13.2997	14.0171	23.8681	43.5078	2.07531	12.981
ORNARGDEG-PWY: superpathway of L-arginine and L-ornithine degradation	0	0	0	0.701705	8.03835	0	0	1.36181	0	0.233052	0	0	0	0	0	0	0
ORNDEG-PWY: superpathway of ornithine degradation	0	0	0	0.746285	5.9516	0	0	0.979494	0	0.815876	0	0	0	0	0	0	0
P105-PWY: TCA cycle IV (2-oxoglutarate decarboxylase)	0	0	0	2.3344	21.3802	0	0	3.92302	0	0.810152	0	0	0	0	0	0	0
P108-PWY: pyruvate fermentation to propanoate I	0	0	0	0.850762	16.6888	0	0	3.06397	0	0.555502	0	0	0	0	3.45793	0	0
P161-PWY: acetylene degradation	1.26491	0.560449	1.12809	0.551176	12.7453	0	0.796299	2.15405	0.447847	1.86435	0	0.505177	0.580062	0.521757	0.955046	1.97174	0.439048
P162-PWY: L-glutamate degradation V (via hydroxyglutarate)	4.62587	1.1274	0	1.4585	1.12131	1.12859	0	1.61147	1.26816	2.28684	0	3.48232	0	7.60793	8.60199	4.25917	0
P164-PWY: purine nucleobases degradation I (anaerobic)	7.40236	0	0	0	0	0	1.40708	0	0	8.34977	0	2.96719	0	7.5938	5.8374	8.9676	0
P185-PWY: formaldehyde assimilation III (dihydroxyacetone cycle)	4.34239	2.35093	2.32052	0	0	0	0	0	0	0	0	0	0	0	0	0	0
P23-PWY: reductive TCA cycle I	0	0	0	0.919278	5.87695	0	0	3.14666	0	0.607973	0	0	0	0	0	0	0
"P4-PWY: superpathway of L-lysine, L-threonine and L-methionine biosynthesis I"	0	0	0	7.05676	19.27	0	0	10.759	0	3.09055	0	0	0	0	0	0	0
P42-PWY: incomplete reductive TCA cycle	0	6.29957	3.03432	5.7661	30.508	0	5.70389	10.8243	0	4.64241	0	0	1.07391	0	4.6269	0	7.96075
P441-PWY: superpathway of N-acetylneuraminate degradation	4.60658	2.2425	4.11685	10.1972	26.4758	0	3.18043	13.7578	1.85214	7.64567	0	2.1041	2.41189	2.09476	3.76183	6.63814	1.89957
"P461-PWY: hexitol fermentation to lactate, formate, ethanol and acetate"	2.57531	1.12093	2.32086	2.73974	21.3442	0	1.63845	6.53349	0.85942	3.9246	0	1.07278	1.10098	1.03954	1.91924	3.99859	0.973375
PANTO-PWY: phosphopantothenate biosynthesis I	44.1043	36.2336	36.3436	95.7926	90.8436	54.496	75.2176	116.093	94.312	123.981	53.8929	68.976	52.9987	82.7775	72.3053	78.4888	64.3915
PANTOSYN-PWY: pantothenate and coenzyme A biosynthesis I	16.8247	20.2222	8.95076	41.5777	75.422	18.8707	24.2836	82.0075	34.9568	82.5689	11.7973	14.2314	10.9214	25.8113	35.0059	22.5161	16.1895
PENTOSE-P-PWY: pentose phosphate pathway	8.32793	6.25719	5.20119	4.79202	23.9342	0	5.25885	11.3856	1.48216	4.55556	1.66626	2.81174	3.34393	3.83673	1.97969	0.782596	3.75853
PEPTIDOGLYCANSYN-PWY: peptidoglycan biosynthesis I (meso-diaminopimelate containing)	57.6426	44.0666	36.3407	94.9912	91.1846	47.5987	67.6717	115.136	92.1084	130.714	48.6398	50.5182	49.0269	83.5529	92.7944	67.1489	54.0157
PHOSLIPSYN-PWY: superpathway of phospholipid biosynthesis I (bacteria)	0	0	0	20.2034	51.8053	0	0	31.9286	2.41744	9.47121	1.39474	2.51033	5.51805	23.8005	45.332	0	7.90983
POLYAMINSYN3-PWY: superpathway of polyamine biosynthesis II	0.909457	0.622584	0	0	0	0	0	0	0	0	0	0	0	0	0	0	0
POLYAMSYN-PWY: superpathway of polyamine biosynthesis I	2.24587	0	0	0.468018	4.68969	0	0	0.648325	0	1.16966	0	0	0	0	0	0	0
POLYISOPRENSYN-PWY: polyisoprenoid biosynthesis (E. coli)	0	0	0	0.810952	11.1006	0	0	3.34905	0	0.670814	0	0	0	0.396585	0	0	0
PPGPPMET-PWY: ppGpp biosynthesis	6.97437	6.30863	3.63985	8.22597	14.4233	11.1843	8.12848	9.40299	4.18528	11.5832	10.6146	20.3196	4.36115	9.86113	1.1437	7.16759	7.28959
"PRPP-PWY: superpathway of histidine, purine, and pyrimidine biosynthesis"	0	0	0	4.73979	42.7729	0	0	14.5826	0	4.6062	0	0	0	0	0	0	0
PWY-1042: glycolysis IV (plant cytosol)	144.965	135.775	102.54	247.228	158.286	114.674	145.604	191.126	218.378	188.502	151.41	167.891	189.309	173.871	158.67	213.092	176.097
PWY-1269: CMP-3-deoxy-D-manno-octulosonate biosynthesis I	9.29685	18.6596	5.41331	74.5458	72.9345	47.2005	28.7508	85.0756	27.2373	99.7603	27.1204	40.38	17.0714	31.9323	41.396	43.2986	27.6983
"PWY-241: C4 photosynthetic carbon assimilation cycle, NADP-ME type"	6.83881	6.16834	2.50217	7.05479	2.33561	0	2.02666	9.24385	4.76995	2.35629	1.4709	3.99132	5.92921	8.42062	5.47307	3.43041	4.8933
PWY-2723: trehalose degradation V	0	0	0	0.320898	8.84211	0	0	2.12936	0	0.332659	0	0	0	0	0	0	0
PWY-2941: L-lysine biosynthesis II	44.1046	29.1625	19.3345	22.1184	10.2521	4.34173	13.3056	14.0256	15.2638	21.1344	6.82358	11.09	13.3405	31.9854	32.3242	12.723	17.2842
PWY-2942: L-lysine biosynthesis III	106.445	61.9943	54.3066	132.56	91.3248	65.8927	95.3363	130.216	141.265	143.326	86.9168	93.2742	86.7125	139.96	134.865	131.433	98.3489
PWY-3001: superpathway of L-isoleucine biosynthesis I	39.1716	34.1182	23.2287	41.7715	36.6159	8.14588	44.0495	32.8929	58.1223	49.2634	18.6952	23.2206	26.0815	53.7732	69.2779	62.8859	43.4476
PWY-3781: aerobic respiration I (cytochrome c)	67.1241	128.774	88.8885	103.353	70.5238	39.7524	69.4091	100.176	57.5614	123.091	40.4732	65.5875	52.5412	89.5191	121.544	63.9022	65.1165
PWY-3841: folate transformations II	53.4299	47.9169	26.0928	85.4524	110.54	31.0824	64.9326	122.879	96.8716	132.413	34.5054	38.439	39.7582	67.0259	81.5181	51.6051	61.8047
PWY-4041: &gamma;-glutamyl cycle	6.62885	5.41687	1.67259	0.342837	10.666	0	1.10851	3.07737	0	0.185204	0	0	0	0.567422	0	0	1.01632
PWY-4242: pantothenate and coenzyme A biosynthesis III	5.70831	7.52742	3.19663	24.0497	59.147	10.2846	12.1653	58.807	15.6251	55.4166	5.86099	6.32939	2.95047	12.0671	21.3097	11.9072	7.5405
PWY-4702: phytate degradation I	0	0	0	0.2047	6.29425	0	0	1.23675	0	0.423989	0	0	0	0	0	0	0
PWY-4981: L-proline biosynthesis II (from arginine)	17.1907	9.50546	10.2982	57.6883	27.7172	24.1684	12.2657	27.4476	7.19092	39.7241	7.21161	19.0368	7.57783	36.9528	50.4134	33.3837	10.7776
PWY-4984: urea cycle	87.4623	79.8935	80.054	87.9081	21.9381	36.9378	97.264	73.2402	40.4155	104.971	89.9298	81.3545	44.9258	84.6624	175.552	64.3747	76.0714
PWY-5022: 4-aminobutanoate degradation V	0	0	0	2.06428	23.6666	0	0	5.57232	0	1.61902	0	0	0	0.245054	0	0	0
PWY-5030: L-histidine degradation III	6.1044	6.54256	5.31179	57.4884	24.3977	22.0615	10.5609	22.2757	9.63744	34.0475	16.9228	16.7424	10.2262	26.2273	28.8797	26.859	10.234
PWY-5044: purine nucleotides degradation I (plants)	0	0	0	0	0	0	0	2.88717	0	0	0	0	0	2.30562	0	0	0
PWY-5083: NAD/NADH phosphorylation and dephosphorylation	0	0	0	2.95662	16.8726	0	0	4.06039	0	0.384877	0	0	0	0.222751	0	0	0
PWY-5097: L-lysine biosynthesis VI	96.1939	56.6598	48.3777	115.061	92.1182	51.2844	79.9001	121.363	105.089	139.395	51.7422	63.8576	54.8091	104.329	103.797	96.1046	64.0883
PWY-5100: pyruvate fermentation to acetate and lactate II	129.084	74.7474	65.2048	76.294	23.6299	33.6296	58.0097	64.3352	42.5346	68.0617	51.3345	86.9037	58.6391	93.6296	98.2243	63.859	46.5611
PWY-5101: L-isoleucine biosynthesis II	0.87136	3.39121	0.804522	3.93674	4.27307	1.71242	20.8887	4.15692	34.5054	10.4642	3.55754	0	8.26988	6.12987	3.11675	2.98311	12.3389
PWY-5103: L-isoleucine biosynthesis III	83.9163	79.6724	64.5537	162.574	89.5546	68.9698	84.6482	105.259	58.7229	110.329	65.6595	77.2729	56.2402	120.755	146.823	115.778	74.1275
PWY-5104: L-isoleucine biosynthesis IV	75.8564	76.999	60.4542	130.996	35.9274	55.3645	80.0108	88.9127	48.7973	99.4046	61.411	69.97	46.6907	101.573	136.254	91.9338	67.523
PWY-5121: superpathway of geranylgeranyl diphosphate biosynthesis II (via MEP)	8.92847	7.60431	5.8091	0	19.2685	3.02935	2.0391	13.5716	3.49597	6.75793	1.22564	0.593903	0	1.60925	1.75888	0	0
PWY-5136: fatty acid &beta;-oxidation II (peroxisome)	0	0	0	0.431189	3.39421	0	0	1.35173	0	0.806045	0	0	0	0.16382	0	0	0
"PWY-5138: unsaturated, even numbered fatty acid &beta;-oxidation"	0	0	0	0.329014	3.5546	0	0	0.463822	0	0.0863769	0	0	0	0	0	0	0
PWY-5154: L-arginine biosynthesis III (via N-acetyl-L-citrulline)	12.4404	10.0198	9.37253	19.7126	44.6517	0	7.37411	19.6819	4.34201	6.54942	5.60819	4.73597	5.35359	14.5252	37.3662	0.771793	14.992
PWY-5173: superpathway of acetyl-CoA biosynthesis	0	0	0	0.0899672	5.41561	0	0	0.178883	0	0	0	0	0	0	0	0	0
PWY-5177: glutaryl-CoA degradation	6.68713	1.90069	3.49563	1.64086	1.07705	0	2.46995	1.50194	0	1.88638	1.20633	3.24281	0	3.23212	3.20482	2.18425	2.73063
PWY-5188: tetrapyrrole biosynthesis I (from glutamate)	8.09512	6.99231	14.7432	15.4713	13.0951	6.27716	10.691	8.32927	6.69993	9.61772	16.7261	20.9201	14.3465	36.6419	39.9145	13.4899	15.0438
PWY-5189: tetrapyrrole biosynthesis II (from glycine)	0	0	0	5.87751	10.8735	0	0	6.31339	0	3.06841	2.35384	0.577492	0	5.91599	18.5433	0	2.97626
PWY-5345: superpathway of L-methionine biosynthesis (by sulfhydrylation)	0	0	0	4.87503	19.3284	0	0	6.28181	0	2.17245	0	0	0	0	0	0	0
PWY-5347: superpathway of L-methionine biosynthesis (transsulfuration)	3.89659	3.05691	4.17213	14.2686	22.4804	12.6624	6.39883	10.5376	14.1069	18.2132	6.7154	24.6983	5.87181	12.4049	6.90635	16.9886	11.9157
PWY-5384: sucrose degradation IV (sucrose phosphorylase)	0	0	0	0.601594	5.73626	0	0	2.64988	0	0.585516	0	0	0	0	0	0	0
PWY-5484: glycolysis II (from fructose 6-phosphate)	53.1665	68.6942	38.3469	102.268	73.6363	58.0773	45.9842	95.3914	55.7035	98.8054	32.889	36.5857	26.9641	48.7748	53.7941	48.2322	42.4929
PWY-5505: L-glutamate and L-glutamine biosynthesis	0	0	0	3.2348	2.23742	0	0	2.36792	2.93978	1.89092	0	0	0	0	0	3.95482	2.81239
PWY-561: superpathway of glyoxylate cycle and fatty acid degradation	0	0	0	0.793375	6.6418	0	0	2.23483	0	0.736598	0	0	0	0	0	0	0
PWY-5656: mannosylglycerate biosynthesis I	0	0	0	0	2.666	0	0	0.714002	0	0.136804	0	0	0	0	0	0	0
PWY-5659: GDP-mannose biosynthesis	9.75968	12.3308	4.50166	27.1457	68.6071	10.7266	11.2777	62.3278	19.694	65.1173	7.44953	12.4781	4.36258	15.2216	24.3024	19.3112	8.0196
PWY-5667: CDP-diacylglycerol biosynthesis I	52.6338	26.3814	39.4166	76.6633	97.0736	33.0834	50.8316	111.351	69.7552	113.662	41.4456	49.6691	36.1329	95.6282	101.62	54.2262	42.7742
PWY-5675: nitrate reduction V (assimilatory)	0	0	0	0	0	0	0	0	0	0.116867	0	0	0	0	0	0	0
PWY-5676: acetyl-CoA fermentation to butanoate II	15.3318	0	0	6.44015	15.8475	0	5.31328	7.39349	3.79242	0.744312	0	0	0	9.44076	6.26833	0	0
PWY-5686: UMP biosynthesis	105.716	88.2447	86.5793	176.665	172.858	112.697	135.008	205.984	131.939	243.602	102.085	136.676	79.9276	164.969	189.266	156.917	112.54
PWY-5690: TCA cycle II (plants and fungi)	1.94158	1.98336	0	2.58129	19.1669	0	0	2.94396	0	0.6608	0	0	0	0	0	0	0
PWY-5695: urate biosynthesis/inosine 5'-phosphate degradation	18.0304	50.1071	33.4772	111.506	141.536	73.0195	75.8174	145.896	125.611	163.093	71.7286	85.0246	50.2305	97.9163	93.5042	92.0472	76.7732
PWY-5705: allantoin degradation to glyoxylate III	0	0	0	0	3.25869	0	0	0.446792	0	0	0	0	0	0	0	0	0
PWY-5723: Rubisco shunt	0	0	0	4.4973	24.8182	0	0	5.26701	0	0.593926	0	0	0	0.67351	0	0	0
PWY-5747: 2-methylcitrate cycle II	0	0	0	2.21921	5.73633	0	0	2.17344	0	0.476614	0	0	0	0	0	0	0
"PWY-5791: 1,4-dihydroxy-2-naphthoate biosynthesis II (plants)"	0	0	0	0	17.8672	0	0	3.85489	0	1.70017	0	0	0	0	0	0	0
"PWY-5837: 1,4-dihydroxy-2-naphthoate biosynthesis I"	0	0	0	0	17.8672	0	0	3.85489	0	1.70017	0	0	0	0	0	0	0
PWY-5838: superpathway of menaquinol-8 biosynthesis I	0	0	0	0	31.7809	0	0	8.74139	0	3.65313	0	0	0	0	0	0	0
PWY-5840: superpathway of menaquinol-7 biosynthesis	0	0	0	0	26.1433	0	0	0	0	3.65313	0	0	0	0	0	0	0
PWY-5845: superpathway of menaquinol-9 biosynthesis	0	0	0	0	26.1433	0	0	0	0	3.65313	0	0	0	0	0	0	0
PWY-5850: superpathway of menaquinol-6 biosynthesis I	0	0	0	0	26.1433	0	0	0	0	3.65313	0	0	0	0	0	0	0
PWY-5855: ubiquinol-7 biosynthesis (prokaryotic)	0	0	0	0.689435	11.3129	0	0	1.95617	0	0	0	0	0	0	0	0	0
PWY-5856: ubiquinol-9 biosynthesis (prokaryotic)	0	0	0	0.689435	11.3129	0	0	1.95617	0	0	0	0	0	0	0	0	0
PWY-5857: ubiquinol-10 biosynthesis (prokaryotic)	0	0	0	0.689435	11.3129	0	0	1.95617	0	0	0	0	0	0	0	0	0
PWY-5860: superpathway of demethylmenaquinol-6 biosynthesis I	0	0	0	0	19.6121	0	0	0	0	2.46816	0	0	0	0	0	0	0
PWY-5861: superpathway of demethylmenaquinol-8 biosynthesis	0	0	0	0	24.5032	0	0	6.00457	0	2.46816	0	0	0	0	0	0	0
PWY-5862: superpathway of demethylmenaquinol-9 biosynthesis	0	0	0	0	19.6121	0	0	0	0	2.46816	0	0	0	0	0	0	0
PWY-5863: superpathway of phylloquinol biosynthesis	0	0	0	0	11.5907	0	0	3.6165	0	1.47247	0	0	0	0	0	0	0
PWY-5896: superpathway of menaquinol-10 biosynthesis	0	0	0	0	26.1433	0	0	0	0	3.65313	0	0	0	0	0	0	0
PWY-5897: superpathway of menaquinol-11 biosynthesis	0	0	0	0	35.5262	0	0	10.601	0	4.91053	0	0	0	0	0	0	0
PWY-5898: superpathway of menaquinol-12 biosynthesis	0	0	0	0	35.5262	0	0	10.601	0	4.91053	0	0	0	0	0	0	0
PWY-5899: superpathway of menaquinol-13 biosynthesis	0	0	0	0	35.5262	0	0	10.601	0	4.91053	0	0	0	0	0	0	0
PWY-5910: superpathway of geranylgeranyldiphosphate biosynthesis I (via mevalonate)	3.77986	2.95766	1.35307	0	0.242924	0	0.95209	1.30587	1.20643	0.889192	0.453298	0.317168	0	0.843938	0.711616	0	0
PWY-5913: TCA cycle VI (obligate autotrophs)	5.19185	5.57275	1.97721	6.40254	9.17654	0	1.64761	9.47144	0	2.10051	0	0	5.8895	0	19.5279	2.83622	5.00378
PWY-5918: superpathay of heme biosynthesis from glutamate	0	0	0	3.00463	7.82599	0	0	3.82824	0	1.86115	0	0	0	0	0	0	0
PWY-5941: glycogen degradation II (eukaryotic)	5.07325	4.73709	5.35318	7.9145	4.57355	5.0248	5.65306	10.1149	8.3337	6.5934	7.11821	5.17536	7.30132	6.65373	9.10557	10.3456	6.39241
PWY-5973: cis-vaccenate biosynthesis	54.6967	90.7144	43.0503	186.724	118.782	86.9387	106.036	150.952	169.713	173.638	94.3934	91.9172	98.9517	113.915	120.541	126.427	111.676
PWY-5989: stearate biosynthesis II (bacteria and plants)	0	0	0	0.660687	16.2005	0	0	2.85159	0	1.02489	2.24291	0	0	0	0	5.76588	0
PWY-6117: spermine and spermidine degradation I	0	0	0	0	0.393934	0	0	0	0	0	0	0	0	0	0	0	0
PWY-6121: 5-aminoimidazole ribonucleotide biosynthesis I	129.092	87.6155	82.8965	203.611	106.51	90.7255	116.464	165.648	146.359	169.75	116.22	150.692	121.817	176.085	186.26	162.37	119.157
PWY-6122: 5-aminoimidazole ribonucleotide biosynthesis II	196.861	109.062	103.156	227.615	113.398	108.972	132.52	187.547	174.367	186.273	125.294	173.036	136.211	220.621	219.669	191.106	143.816
PWY-6123: inosine-5'-phosphate biosynthesis I	36.4943	42.395	26.7263	107.559	116.319	60.7718	50.3374	113.752	57.9944	136.837	32.4815	50.2169	29.8893	68.2893	67.6849	95.2941	49.2854
PWY-6124: inosine-5'-phosphate biosynthesis II	31.6242	38.2336	23.5581	97.5057	109.073	55.2234	44.5516	104.447	51.6893	125.39	28.5421	44.5614	26.1038	60.6804	59.6141	87.5251	44.17
PWY-6125: superpathway of guanosine nucleotides de novo biosynthesis II	56.7077	60.0125	50.1599	139.643	79.4427	59.5648	87.3777	119.902	89.4588	125.19	87.0342	75.4295	64.805	107.773	121.039	93.3332	77.4251
PWY-6126: superpathway of adenosine nucleotides de novo biosynthesis II	83.9607	90.2851	61.6508	160.079	95.0625	71.8883	106.745	147.133	113.109	149.819	105.345	92.1325	88.1877	125.198	141.488	121.575	102.068
PWY-6147: 6-hydroxymethyl-dihydropterin diphosphate biosynthesis I	3.22073	5.75671	2.44057	10.4233	25.5562	0	0.861973	11.8012	2.23103	5.14555	1.47903	2.58879	3.40335	14.3278	27.4289	0.493017	4.69722
PWY-6151: S-adenosyl-L-methionine cycle I	160.455	52.2908	39.9603	113.738	74.0406	54.0017	76.9332	109.831	101.794	123.742	38.947	57.5516	51.8354	96.7596	121.144	92.583	59.6933
PWY-6163: chorismate biosynthesis from 3-dehydroquinate	27.8895	13.6355	19.9543	33.3176	37.619	17.99	31.3802	19.5104	34.225	41.0636	24.9341	24.0831	16.6419	49.0521	58.6128	28.6248	27.8797
PWY-6168: flavin biosynthesis III (fungi)	17.1562	21.5697	12.7763	61.0559	75.7618	30.9432	35.9572	77.5046	40.7694	101.88	35.3207	35.3586	20.848	44.054	59.3953	40.3882	30.9908
PWY-621: sucrose degradation III (sucrose invertase)	0	0	0	0.608972	10.7737	0	0	2.7378	0	0	0	0	0	0	0	0	0
PWY-6270: isoprene biosynthesis I	28.5912	19.443	13.699	11.9813	48.7113	8.61071	9.75424	30.9366	14.3511	19.0322	6.03777	5.50752	0	5.24927	5.69856	3.63725	6.56218
PWY-6277: superpathway of 5-aminoimidazole ribonucleotide biosynthesis	196.861	109.062	103.156	227.615	113.398	108.972	132.52	187.547	174.367	186.273	125.294	173.036	136.211	220.621	219.669	191.106	143.816
PWY-6282: palmitoleate biosynthesis I (from (5Z)-dodec-5-enoate)	0	0	0	0.661224	16.3584	0	0	2.86229	0	1.02558	2.27267	0	0	0	0	5.84985	0
PWY-6305: putrescine biosynthesis IV	3.63207	2.32676	2.45333	1.76693	17.2755	4.35736	0	7.70007	0	4.0738	0	0	0	0	0	4.10771	0
"PWY-6309: L-tryptophan degradation XI (mammalian, via kynurenine)"	0	0.246987	0	0	0	0	0	0	0	0	0	0	0	0	0	0	0
PWY-6317: galactose degradation I (Leloir pathway)	64.4546	35.5298	35.2339	36.4904	18.266	12.5446	32.2767	20.5669	24.4021	50.6892	20.8523	36.4328	18.2984	54.3328	61.8038	50.7117	26.5949
PWY-6353: purine nucleotides degradation II (aerobic)	0	0	0	1.68901	21.3079	0	0	7.6835	0	3.73115	0	0	0	7.26377	2.56896	8.30156	2.86258
PWY-6385: peptidoglycan biosynthesis III (mycobacteria)	13.4236	11.4425	10.5011	68.3463	48.9697	31.3629	25.1297	68.4923	51.2495	93.1961	26.8199	14.9871	20.2319	38.9114	49.0538	42.8069	30.3293
PWY-6386: UDP-N-acetylmuramoyl-pentapeptide biosynthesis II (lysine-containing)	52.4798	42.7732	36.227	90.5122	91.1401	45.0957	66.4874	116.12	89.0016	127.421	44.9178	46.7086	45.4756	78.7766	91.1911	63.5865	52.0757
PWY-6387: UDP-N-acetylmuramoyl-pentapeptide biosynthesis I (meso-diaminopimelate containing)	52.0397	42.3915	33.8234	88.1959	87.7766	44.1186	65.4597	109.771	89.8427	124.451	44.8027	44.9241	45.497	76.825	86.0645	62.3883	52.1643
PWY-6507: 4-deoxy-L-threo-hex-4-enopyranuronate degradation	5.542	1.15549	0	3.26765	14.6146	0	0	3.43408	0	0.488494	0	0	0	2.38883	4.00526	1.73543	0
PWY-6519: 8-amino-7-oxononanoate biosynthesis I	0	0	0	1.07741	19.9542	0	0	4.00954	0	1.28698	2.36715	0	0	0	0	6.62247	0
PWY-6527: stachyose degradation	44.4415	26.7649	26.478	29.194	15.87	10.0157	26.0422	16.6929	20.0685	46.2412	18.4474	20.8575	14.2518	48.2762	49.2198	42.8972	22.1818
PWY-6545: pyrimidine deoxyribonucleotides de novo biosynthesis III	13.0411	21.5998	32.5087	48.5221	31.6753	26.265	32.145	39.1658	25.7311	27.1315	38.8485	42.0213	15.9062	59.0381	70.4848	43.3975	34.837
PWY-6549: L-glutamine biosynthesis III	2.57764	0	0	3.1429	2.39552	0	0	2.22836	0	0.907082	0	0	0	0	0	0	0
PWY-6588: pyruvate fermentation to acetone	0	0	0	1.83345	7.90138	0	0	3.0707	0	1.29905	0	0	0	0	0	0	0
PWY-6590: superpathway of Clostridium acetobutylicum acidogenic fermentation	0	0	0	0	0	0	0	2.33503	0	0	0	0	0	0	0	0	0
PWY-6595: superpathway of guanosine nucleotides degradation (plants)	4.44256	4.06463	3.52289	0	2.76189	0	1.25746	5.47131	1.27403	2.94107	0.987799	1.464	0	2.55735	0.891942	2.27579	0.404353
PWY-6596: adenosine nucleotides degradation I	0	1.39251	0	0	0	0	0	2.52173	0	0	0	0	0	2.10284	0	0	0
PWY-6606: guanosine nucleotides degradation II	4.82792	3.97149	3.80089	0	3.24608	0	1.20878	5.69069	1.18142	3.34292	1.08987	1.60997	0	3.10221	1.04868	3.54414	1.32848
PWY-6608: guanosine nucleotides degradation III	10.8778	5.04858	6.69003	2.37189	26.6935	3.8782	1.50938	8.04516	1.40325	10.6535	2.27603	3.24404	0	10.978	8.83783	13.0111	2.55584
PWY-6609: adenine and adenosine salvage III	49.5733	41.5037	11.6895	81.2377	112.596	70.494	49.2143	121.574	63.5777	141.429	20.0934	41.4018	14.5979	54.9405	64.81	80.4695	47.285
PWY-6612: superpathway of tetrahydrofolate biosynthesis	0	4.24815	0	1.36669	25.8222	0	1.88444	7.1654	0.953807	3.28811	0.289559	1.69069	0	2.23554	1.55434	0.838915	0
PWY-6628: superpathway of L-phenylalanine biosynthesis	5.17739	0	3.06181	2.10561	21.5646	0	12.8055	12.2177	1.90435	6.74277	1.44343	5.03498	4.28864	3.35449	3.11396	2.62122	2.77146
PWY-6629: superpathway of L-tryptophan biosynthesis	0	0	0	1.84092	28.1126	0	0	12.0627	0	0	0	0	0	0	0	0	0
PWY-6630: superpathway of L-tyrosine biosynthesis	0	0	0	2.14246	24.1916	0	0	9.0956	0	1.12493	0	0	0	0	0	0	0
PWY-6690: cinnamate and 3-hydroxycinnamate degradation to 2-oxopent-4-enoate	0	0	0	0.230884	6.53447	0	0	0.883904	0	0.176992	0	0	0	0	0	0	0
PWY-6700: queuosine biosynthesis	156.474	148.189	87.7251	366.355	216.198	182.291	200.803	355.409	351.942	311.133	221.157	224.337	307.724	259.574	219.937	298.835	248.355
PWY-6703: preQ0 biosynthesis	13.2037	19.6342	18.0998	94.2491	93.3795	52.3162	56.3784	115.702	80.9727	127.286	43.954	54.9097	29.4398	67.7418	61.9263	66.9567	46.9306
PWY-6708: ubiquinol-8 biosynthesis (prokaryotic)	0	0	0	0.689435	11.3129	0	0	1.95617	0	0	0	0	0	0	0	0	0
PWY-6737: starch degradation V	70.5868	21.297	23.3227	16.5791	9.05174	7.42854	33.7221	12.1326	19.8071	35.9583	21.0154	33.5612	47.5646	59.1798	62.7863	40.011	29.0227
PWY-6803: phosphatidylcholine acyl editing	11.3353	14.2025	11.9657	56.8898	29.8577	26.6604	32.1355	48.4021	16.0138	62.4841	30.3261	36.5578	16.0367	34.1357	46.4247	34.2183	27.3416
PWY-6823: molybdenum cofactor biosynthesis	0	0	0	0.894797	7.76681	0	0	1.22596	0	0.165041	0	0	0	0	0	0	0
PWY-6859: all-trans-farnesol biosynthesis	3.74559	3.38055	2.39106	0	8.24534	1.16144	0.760871	5.3772	1.31014	2.54872	0.455149	0.217912	0	0.593807	0.648598	0	0
PWY-6891: thiazole biosynthesis II (Bacillus)	0	0	0	0	24.3298	0	0	7.9589	0	0	0	0	0	0.273569	0	0	0
PWY-6892: thiazole biosynthesis I (E. coli)	3.65619	0	2.48282	3.84633	28.9435	0	1.35094	11.7737	0	0	0	0	0	0.341724	0	0	0
PWY-6895: superpathway of thiamin diphosphate biosynthesis II	0	0	0	0	51.4184	0	0	23.0131	0	0	0	0	0	1.18233	0	0	0
PWY-6897: thiamin salvage II	7.91606	7.98734	7.08634	4.35291	24.7872	3.08331	8.34763	15.5644	5.35255	21.3525	1.26212	3.25763	0	2.73315	5.16787	2.2132	3.6494
PWY-6901: superpathway of glucose and xylose degradation	14.049	10.2107	8.70431	8.3909	33.8169	0	8.60291	19.7645	2.84804	8.58343	3.12087	5.18815	6.10332	7.04613	3.81268	1.51568	6.56221
PWY-6936: seleno-amino acid biosynthesis	6.456	5.54776	2.90529	2.7263	17.6255	0	1.94063	7.44354	1.32836	4.19404	0	2.08063	1.08218	1.67579	0.301999	0.349517	0
PWY-6969: TCA cycle V (2-oxoglutarate:ferredoxin oxidoreductase)	0	0	0	4.85384	30.6794	0	0	8.42107	0	1.73265	0	0	0	0	0	0	0
PWY-7111: pyruvate fermentation to isobutanol (engineered)	309.912	174.837	182.937	237.801	141.051	117.21	206.4	228.56	207.194	272.234	186.661	218.974	189.43	309.722	361.384	266.317	189.354
"PWY-7115: C4 photosynthetic carbon assimilation cycle, NAD-ME type"	0	0	0	3.88505	4.25483	0	0	8.20327	0	0.639779	0	0	0	0.379074	0	0	0
"PWY-7117: C4 photosynthetic carbon assimilation cycle, PEPCK type"	8.17848	8.45197	3.0204	9.56396	3.10875	0	2.47345	14.0899	6.15624	3.13811	1.84952	5.16244	8.89114	12.1918	29.3783	4.2469	7.54538
PWY-7184: pyrimidine deoxyribonucleotides de novo biosynthesis I	43.8835	42.6241	39.5025	71.5752	49.9086	45.5164	45.9144	52.4525	32.6893	49.5001	50.569	50.2874	31.7833	77.8207	84.6162	76.237	44.9033
PWY-7187: pyrimidine deoxyribonucleotides de novo biosynthesis II	42.6502	42.3851	36.2954	84.26	55.736	34.1456	57.4402	66.0029	48.9625	74.4541	51.1916	55.7799	33.6185	81.0332	82.1657	55.1452	50.7595
PWY-7196: superpathway of pyrimidine ribonucleosides salvage	0	0	0.511514	2.08345	1.12967	0	2.31793	0	0	2.79167	0	0	0	2.0552	0	3.13881	1.11657
PWY-7197: pyrimidine deoxyribonucleotide phosphorylation	35.6789	27.6097	35.0114	46.7975	22.7233	18.2246	30.1252	29.5035	18.5192	30.2836	36.3231	41.396	19.7519	67.1375	74.9934	29.6894	28.079
PWY-7198: pyrimidine deoxyribonucleotides de novo biosynthesis IV	0	18.8424	3.82124	39.3207	29.1603	24.6336	24.3127	34.6586	6.71139	22.2979	3.07515	17.9539	0	48.7126	37.3631	40.5047	32.701
PWY-7199: pyrimidine deoxyribonucleosides salvage	2.66844	7.74372	5.36456	11.5473	24.3485	0	9.52558	8.71994	6.68926	11.3813	23.5857	27.9236	9.13265	6.00251	9.6482	16.3747	6.63662
PWY-7204: pyridoxal 5'-phosphate salvage II (plants)	0	0	0	1.29575	0	0	0	1.11842	0	0	0	0	0	0	0	0	0
PWY-7208: superpathway of pyrimidine nucleobases salvage	65.778	56.6513	64.3399	78.2373	51.7919	46.5592	78.7453	93.8649	83.9486	97.5298	46.0516	88.556	52.3491	113.502	113.705	81.3887	58.4016
PWY-7210: pyrimidine deoxyribonucleotides biosynthesis from CTP	0	21.2067	5.17916	42.2008	30.4333	27.289	26.3719	34.9398	8.4729	24.9542	4.24533	21.2082	0	51.2937	43.6237	43.7784	32.3057
PWY-7211: superpathway of pyrimidine deoxyribonucleotides de novo biosynthesis	0	0	0.742709	39.5778	34.0072	0	3.40758	11.039	10.6974	4.05186	0	0	0	3.09711	0	4.647	1.66818
PWY-7219: adenosine ribonucleotides de novo biosynthesis	270.666	215.043	181.974	424.145	234.139	194.16	252.227	367.56	340.366	346.888	244.276	287.817	249.008	348.01	323.806	362.618	294.984
PWY-7220: adenosine deoxyribonucleotides de novo biosynthesis II	44.3951	59.1477	35.6407	97.915	55.3951	41.0184	65.4274	85.3484	62.8789	87.4522	65.9389	50.4548	52.0607	69.1909	83.9359	68.8576	60.8813
PWY-7221: guanosine ribonucleotides de novo biosynthesis	72.9609	90.7525	90.6044	254.254	146.864	104.724	126.294	213.904	150.767	211.451	147.279	136.587	85.3768	198.025	211.528	142.606	115.827
PWY-7222: guanosine deoxyribonucleotides de novo biosynthesis II	44.3951	59.1477	35.6407	97.915	55.3951	41.0184	65.4274	85.3484	62.8789	87.4522	65.9389	50.4548	52.0607	69.1909	83.9359	68.8576	60.8813
PWY-7228: superpathway of guanosine nucleotides de novo biosynthesis I	61.4545	79.1177	58.727	170.274	89.1033	74.6682	95.6899	129.175	97.7242	146.817	97.1323	97.149	72.0743	155.669	152.849	102.604	87.2322
PWY-7229: superpathway of adenosine nucleotides de novo biosynthesis I	102.377	102.438	74.6781	193.85	123.809	102.21	122.164	169.808	131.157	188.026	122.095	118.565	103.186	157.392	170.945	154.163	116.599
PWY-7234: inosine-5'-phosphate biosynthesis III	5.7951	9.35724	3.11224	2.61966	29.47	0.466096	2.59087	14.5623	7.58849	8.35633	5.93343	0.783475	0.81383	1.91166	1.34177	2.27247	1.36086
"PWY-7237: myo-, chiro- and scillo-inositol degradation"	24.0067	5.30046	8.2418	4.73812	3.08835	1.62535	5.15271	5.79005	2.0312	8.57386	1.35181	4.28359	8.59713	13.604	17.0297	8.79261	0.642893
PWY-7242: D-fructuronate degradation	5.55673	1.15405	3.90109	8.24168	16.8194	0	0	7.39305	2.22926	4.29176	0	4.57292	0	3.94796	4.00824	7.12141	2.84727
"PWY-724: superpathway of L-lysine, L-threonine and L-methionine biosynthesis II"	46.1725	30.1154	24.811	38.3987	35.0509	7.73275	40.409	31.8996	59.6897	47.9328	17.673	21.654	23.5546	53.3436	66.766	54.3775	38.1113
PWY-7254: TCA cycle VII (acetate-producers)	0	0	0	2.92517	15.9244	0	0	2.86002	0	0.568508	0	0	0	0	0	0	0
PWY-7269: NAD/NADP-NADH/NADPH mitochondrial interconversion (yeast)	0	0	0	1.37636	16.4669	0	0	1.88227	0	0.662529	0	0	0	0	0	0	0
PWY-7279: aerobic respiration II (cytochrome c) (yeast)	28.3787	70.9609	39.3048	32.5117	16.6672	13.293	69.4091	31.9188	16.9336	50.2532	40.4732	33.5074	12.7554	30.6866	85.9339	29.4445	37.6121
PWY-7282: 4-amino-2-methyl-5-phosphomethylpyrimidine biosynthesis (yeast)	0	0	0	2.20698	0	0	0	1.90473	0	0	0	0	0	0	0	0	0
PWY-7315: dTDP-N-acetylthomosamine biosynthesis	0	0	0	1.3386	17.2065	0	0	3.29811	0	0.48789	0	0	0	0.530919	0	0	0
PWY-7323: superpathway of GDP-mannose-derived O-antigen building blocks biosynthesis	1.73914	3.17133	2.6963	23.8514	70.5798	4.82905	10.1358	65.8422	16.5369	62.0621	5.81548	5.76886	0	7.1325	24.3407	3.2429	4.28612
PWY-7328: superpathway of UDP-glucose-derived O-antigen building blocks biosynthesis	0	0	0	0.393482	6.94685	0	0	2.47517	0	0.399796	0	0	0	0	0	0	0
PWY-7357: thiamin formation from pyrithiamine and oxythiamine (yeast)	7.40438	6.93667	6.5528	3.68459	17.3727	2.57454	7.05783	11.5019	4.2714	16.7749	1.10967	2.8743	0	2.42381	4.67099	1.95149	3.12758
"PWY-7371: 1,4-dihydroxy-6-naphthoate biosynthesis II"	8.11606	11.7407	16.885	17.3368	3.71961	7.98249	16.1484	6.15005	8.22951	13.2096	19.8304	18.8475	7.84526	24.4795	42.904	14.1031	16.8242
"PWY-7383: anaerobic energy metabolism (invertebrates, cytosol)"	18.7533	8.96385	14.1762	28.7526	23.2748	12.087	11.088	20.0351	2.53349	20.3641	3.84262	17.6507	0	24.8628	32.0113	23.7799	10.5593
"PWY-7388: octanoyl-[acyl-carrier protein] biosynthesis (mitochondria, yeast)"	0	0	0	0.514506	13.0635	0	0	2.23296	0	0.798349	1.77087	0	0	0	0	4.57307	0
PWY-7392: taxadiene biosynthesis (engineered)	7.20796	5.24051	3.63198	0	0.466537	0	1.57334	8.82636	2.72988	3.25658	0.941653	0.444175	0	1.26792	1.38491	0	0
PWY-7400: L-arginine biosynthesis IV (archaebacteria)	39.4021	24.6748	28.3663	49.2841	56.3635	0	20.3415	44.6633	12.4005	18.6319	15.9962	14.274	15.1869	42.5171	104.085	2.41036	35.6404
"PWY-7409: phospholipid remodeling (phosphatidylethanolamine, yeast)"	0	0	0	1.2063	11.8597	0	0	3.51629	0	0.304384	0	0	0	0	0	0	0
PWY-7456: mannan degradation	0	0	0	7.13126	2.90557	3.79929	0	0	0	30.3739	0	0	0	0	0	0	8.16603
PWY-7539: 6-hydroxymethyl-dihydropterin diphosphate biosynthesis III (Chlamydia)	3.05211	5.66864	2.26106	10.1814	24.4149	0	0.857865	11.5804	2.21729	5.11178	1.46479	2.52125	3.34977	13.4884	25.5458	0.492243	4.62576
PWY-7560: methylerythritol phosphate pathway II	25.6501	17.355	12.193	10.5744	45.4478	7.64235	8.61391	27.7413	12.7924	16.8523	5.31563	4.84294	0	4.61103	5.00409	3.19315	5.78377
PWY-7663: gondoate biosynthesis (anaerobic)	45.9194	79.368	36.912	166.779	114.699	80.0517	95.5082	138.855	151.335	164.739	81.147	80.5388	84.2533	100.229	109.61	113.053	97.0558
PWY-7664: oleate biosynthesis IV (anaerobic)	0	0	0	0.771002	20.2734	0	0	3.89914	0	1.19543	2.64284	0	0	0	0	6.77752	0
PWY-821: superpathway of sulfur amino acid biosynthesis (Saccharomyces cerevisiae)	0	0	0	1.15672	11.772	0	0	2.23191	0	0	0	0	0	0	0	0	0
PWY-841: superpathway of purine nucleotides de novo biosynthesis I	60.5627	62.0268	45.0209	142.76	90.7598	64.3535	79.0619	135.111	91.3489	140.266	62.1497	75.0467	54.5564	106.846	113.083	106.887	75.1153
PWY-922: mevalonate pathway I	4.14791	3.67958	1.23814	0	0.291041	0	1.41265	1.00676	1.2281	0.752891	0.485751	0.950354	0	1.31241	0.808473	0	0.56661
PWY0-1061: superpathway of L-alanine biosynthesis	0	0	0	4.29662	22.5349	0	0	8.80096	0	1.14227	0	0	0	0.382397	0	0	0
PWY0-1241: ADP-L-glycero-&beta;-D-manno-heptose biosynthesis	1.62941	2.06438	1.52057	4.85321	9.88389	0.754975	2.16443	4.36559	1.10782	2.95809	2.62043	1.28485	2.64849	5.76385	16.0541	0.861485	4.47022
PWY0-1261: anhydromuropeptides recycling	0	0	0	5.62144	29.4465	0	0	12.5363	0	4.96649	0	0	0	0	0	0	6.27336
PWY0-1277: 3-phenylpropanoate and 3-(3-hydroxyphenyl)propanoate degradation	0	0	0	0	7.41542	0	0	1.35645	0	0.112837	0	0	0	0	0	0	0
PWY0-1296: purine ribonucleosides degradation	99.9383	34.5031	49.431	26.7406	23.433	5.41819	36.364	23.7486	25.3868	30.1707	36.0033	49.4273	42.0334	35.0985	65.6475	30.9753	35.8784
PWY0-1297: superpathway of purine deoxyribonucleosides degradation	1.9802	0.865656	1.81981	1.22694	18.5081	0	1.3548	5.93018	0.690453	3.41944	0	0.831759	1.00415	0.793894	1.48959	3.52031	0.78833
PWY0-1298: superpathway of pyrimidine deoxyribonucleosides degradation	1.41199	0.685374	1.33038	0.687431	12.2705	0	1.01875	2.56424	0.531617	1.57853	0	0.611567	0.722895	0.617284	0.508755	1.16672	0.554915
PWY0-1319: CDP-diacylglycerol biosynthesis II	52.6338	26.3814	39.4166	76.6633	97.0736	33.0834	50.8316	111.351	69.7552	113.662	41.4456	49.6691	36.1329	95.6282	101.62	54.2262	42.7742
PWY0-1338: polymyxin resistance	0	0	0	0.190752	5.49285	0	0	1.13175	0	0.192872	0	0	0	0	0	0	0
PWY0-1415: superpathway of heme biosynthesis from uroporphyrinogen-III	0	0	0	0.718388	6.41209	0	0	2.42592	0	0.372385	0	0	0	0	0	0	0
PWY0-1479: tRNA processing	0	0.171733	0	0.630311	0	0	0	0	0	0	0	0	0.350628	0	0	0	0.403649
PWY0-1533: methylphosphonate degradation I	0	0	0	0.44864	12.5803	0	0	3.0266	0	0.928963	0	0	0	0	0	0	0
PWY0-1586: peptidoglycan maturation (meso-diaminopimelate containing)	2.72217	4.50627	3.4389	8.38527	33.9514	7.04884	6.99126	9.6438	9.53491	13.1929	2.04704	3.74582	3.53703	7.02915	4.52691	7.42994	5.01987
PWY0-162: superpathway of pyrimidine ribonucleotides de novo biosynthesis	0	0	0.388101	29.1424	28.8407	0	1.7836	6.18861	8.5768	2.13923	0	0	0	1.58559	0	2.42031	0.85026
PWY0-166: superpathway of pyrimidine deoxyribonucleotides de novo biosynthesis (E. coli)	45.6269	45.4425	44.6333	82.1808	52.0023	32.5432	50.777	59.3902	36.9283	56.3428	54.6376	57.7978	33.6598	90.4378	91.5161	53.8587	49.5981
PWY0-321: phenylacetate degradation I (aerobic)	0	0	0	0.579559	6.26301	0	0	0.929346	0	0.128013	0	0	0	0	0	0	0
PWY0-42: 2-methylcitrate cycle I	0	0	0	2.62339	6.10903	0	0	2.53578	0	0.587976	0	0	0	0	0	0	0
PWY0-781: aspartate superpathway	0	0	0	6.02165	19.9967	0	0	11.4192	0	2.34358	0	0	0	0	0	0	0
PWY0-845: superpathway of pyridoxal 5'-phosphate biosynthesis and salvage	0	0	0	1.89917	0	0	0	0.919868	0	0	0	0	0	0	0	0	0
PWY0-862: (5Z)-dodec-5-enoate biosynthesis	0	0	0	0.661277	24.1569	0	0	6.90475	0	1.02567	2.27546	0	0	0	0	5.85862	0
PWY4FS-7: phosphatidylglycerol biosynthesis I (plastidic)	0	0	0	12.7084	32.0634	0	0	19.6349	1.45158	5.75587	0.845389	1.52277	3.41921	14.9401	32.8356	0	4.99855
PWY4FS-8: phosphatidylglycerol biosynthesis II (non-plastidic)	0	0	0	12.7084	32.0634	0	0	19.6349	1.45158	5.75587	0.845389	1.52277	3.41921	14.9401	32.8356	0	4.99855
PWY4LZ-257: superpathway of fermentation (Chlamydomonas reinhardtii)	1.57379	0.700789	1.38991	0.706665	14.347	0	1.03433	2.81756	0.563794	2.49796	0	0.654564	0.759837	0.653665	1.19886	2.62546	0.590077
PWY66-389: phytol degradation	0	0	0	2.56024	0	0	0	0	0	0	0	0	0	0	0	0	0
PWY66-399: gluconeogenesis III	27.6188	17.2164	19.5967	34.0271	44.1229	26.7606	15.9754	42.5506	7.21476	40.6811	8.4072	20.9301	0	28.9531	31.5453	19.1855	16.3713
PWY66-400: glycolysis VI (metazoan)	48.2557	79.2169	42.6797	34.418	82.5689	36.0221	23.5901	80.5943	49.6494	73.73	36.7999	41.8887	34.8815	44.5482	43.6416	18.5052	34.1622
PWY66-409: superpathway of purine nucleotide salvage	0	0	0	3.6759	37.6482	0	0	17.9115	0	6.81311	0	0	0	0	0	0	0
PWY66-422: D-galactose degradation V (Leloir pathway)	64.4546	35.5298	35.2339	36.4904	18.266	12.5446	32.2767	23.1155	27.8981	50.6892	21.521	36.4328	18.7746	54.3328	61.8038	50.7117	26.5949
PWYG-321: mycolate biosynthesis	0	0	0	0.800706	19.1393	0	0	3.45103	0	1.24113	2.73501	0	0	0	0	7.00213	0
PYRIDNUCSAL-PWY: NAD salvage pathway I	0	0	0	5.62776	16.701	0	0	10.1911	0	4.64746	0	0	0	0	0	0	0
PYRIDNUCSYN-PWY: NAD biosynthesis I (from aspartate)	21.7848	15.7984	12.2441	29.8718	39.0416	23.49	19.4899	36.9335	23.4557	34.4218	25.1324	30.9966	17.7696	34.9	39.5776	18.7144	21.6339
PYRIDOXSYN-PWY: pyridoxal 5'-phosphate biosynthesis I	0	0	0	1.52422	18.6802	0	0	6.15313	0	1.797	0	0	0	0	0	0	0
REDCITCYC: TCA cycle VIII (helicobacter)	0	0	0	0.85454	13.2759	0	0	2.23502	0	0.408374	0	0	0	0	0	0	0
RHAMCAT-PWY: L-rhamnose degradation I	32.1149	54.6726	33.0961	113.441	121.941	63.0717	49.3278	91.9333	47.208	113.95	12.8016	42.3676	12.557	67.8828	35.2473	98.7315	38.1024
RIBOSYN2-PWY: flavin biosynthesis I (bacteria and plants)	6.10299	9.0959	8.90588	34.2659	53.5747	15.317	13.7372	29.4097	8.63667	56.9149	13.3818	18.145	0	16.9904	5.78152	25.0715	17.3262
SALVADEHYPOX-PWY: adenosine nucleotides degradation II	10.0914	4.28334	5.77971	1.98408	23.0391	0	1.2624	6.77281	1.17167	8.98419	1.90744	2.72199	0	9.34055	7.49313	11.1237	2.14246
SER-GLYSYN-PWY: superpathway of L-serine and glycine biosynthesis I	49.1936	68.9233	59.1461	125.349	79.8847	66.7315	66.8021	51.8567	42.9737	48.1178	20.47	46.8483	17.1984	79.6714	48.3449	95.347	62.8345
SO4ASSIM-PWY: sulfate reduction I (assimilatory)	0	0	0	2.3988	21.8685	0	0	5.83773	0	0.900166	0	0	0	0.437055	10.7054	0	0
SULFATE-CYS-PWY: superpathway of sulfate assimilation and cysteine biosynthesis	0	0	0	5.1145	28.9603	0	0	10.8478	0	1.96158	0	0	0	0.966065	18.9698	0	0
TCA-GLYOX-BYPASS: superpathway of glyoxylate bypass and TCA	0	0	0	2.69601	17.5672	0	0	4.57361	0	0.934627	0	0	0	0	0	0	0
TCA: TCA cycle I (prokaryotic)	0	0	0	4.9945	27.4599	0	0	8.67264	0	2.01831	0	0	0.934576	0	0	0	5.68794
THISYN-PWY: superpathway of thiamin diphosphate biosynthesis I	9.78393	0	7.42636	7.88392	55.133	0	5.35105	28.3194	0	0	0	0	0	1.42861	0	0	0
THISYNARA-PWY: superpathway of thiamin diphosphate biosynthesis III (eukaryotes)	4.54243	3.565	3.31951	1.38996	18.6242	1.52689	3.21016	5.36294	2.76007	4.25827	0.653104	1.55663	0	1.42042	2.32283	1.12985	1.71591
THRESYN-PWY: superpathway of L-threonine biosynthesis	27.1812	23.606	15.6224	27.4916	25.5231	5.08647	31.4229	21.8994	49.263	34.2913	12.2478	15.3021	18.063	37.3725	48.6955	45.3981	31.6387
TRNA-CHARGING-PWY: tRNA charging	206.598	178.972	134.205	308.824	166.834	140.037	190.319	254.09	301.672	245.447	217.186	238.921	287.304	262.849	234.167	259.895	237.224
TRPSYN-PWY: L-tryptophan biosynthesis	5.78458	8.03386	5.18502	26.7141	53.0235	13.7602	10.8173	52.7429	11.9114	50.2363	10.9358	8.57342	7.10581	20.9787	33.2703	17.811	15.307
UBISYN-PWY: superpathway of ubiquinol-8 biosynthesis (prokaryotic)	0	0	0	0.496037	10.031	0	0	1.85625	0	0	0	0	0	0	0	0	0
UDPNACETYLGALSYN-PWY: UDP-N-acetyl-D-glucosamine biosynthesis II	0	0.370931	0	0	0	0	0	0	0	0	0	0	0	0	0	0	0
UDPNAGSYN-PWY: UDP-N-acetyl-D-glucosamine biosynthesis I	25.188	18.4285	8.75213	9.55652	21.393	0	8.22813	18.2856	14.2674	6.23515	4.00867	8.71215	11.5005	16.3563	36.3112	1.05663	7.71837
UNINTEGRATED	153256	153120	121106	145863	228857	197557	106222	159983	135204	210097	91846.9	104036	101612	143750	163671	128697	100500
UNMAPPED	839731	841053	874162	843043	760051	797340	886911	828797	856861	778401	902352	889098	892911	846789	825577	862718	892801
VALSYN-PWY: L-valine biosynthesis	309.912	174.837	182.937	237.801	141.051	117.21	206.4	228.56	207.194	272.234	186.661	218.974	189.43	309.722	361.384	266.317	189.354
