feature,metadata,value,coef,stderr,N,N.not.0,pval,qval
RXN-12402,DSS_only,TRUE,0.6425981506422359,0.0524745694940483,12,12,5.54844356097322e-06,0.0016802217707747198
RXN0-5001,DSS_only,TRUE,0.6425981506422359,0.0524745694940483,12,12,5.54844356097322e-06,0.0016802217707747198
3.4.14.5-RXN,DSS_only,TRUE,0.7819427076433191,0.0658207622380381,12,12,6.80224961688026e-06,0.0018667923792325802
3.2.1.55-RXN,DSS_only,TRUE,0.732277015820274,0.0681684981798225,12,12,1.3320278171532302e-05,0.0025615769978627103
RXN-19757,DSS_only,TRUE,0.732277015820274,0.0681684981798225,12,12,1.3320278171532302e-05,0.0025615769978627103
RXN-19758,DSS_only,TRUE,0.732277015820274,0.0681684981798225,12,12,1.3320278171532302e-05,0.0025615769978627103
RXN-19769,DSS_only,TRUE,0.732277015820274,0.0681684981798225,12,12,1.3320278171532302e-05,0.0025615769978627103
3.4.11.5-RXN,DSS_only,TRUE,-1.21734634206303,0.113475520781771,12,12,1.34389220359316e-05,0.0025740537559444
RNA-LIGASE-ATP-RXN,DSS_only,TRUE,-1.64696809308498,0.15988544116867,12,9,1.7590077426246803e-05,0.00288501393192358
NADPH-DEHYDROGENASE-RXN,DSS_only,TRUE,0.7947362111255629,0.0786316927437738,12,12,1.9942757476797198e-05,0.003109379381066
OROTATE-REDUCTASE-NADH-RXN,DSS_only,TRUE,0.930790823345249,0.0934526027502904,12,12,2.1966437209930104e-05,0.0033022981725125103
RXN-12402,RCEwDSS_only,TRUE,0.6925409088842671,0.0742102478581726,12,12,3.36794384701587e-05,0.0041767939926899995
RXN0-5001,RCEwDSS_only,TRUE,0.6925409088842671,0.0742102478581726,12,12,3.36794384701587e-05,0.0041767939926899995
RXN-10769,DSS_only,TRUE,0.6357579814369689,0.0694936954142805,12,12,3.8347094487445704e-05,0.00442625433238224
RXN-10773,DSS_only,TRUE,0.6357579814369689,0.0694936954142805,12,12,3.8347094487445704e-05,0.00442625433238224
RXN-13602,DSS_only,TRUE,0.6357579814369689,0.0694936954142805,12,12,3.8347094487445704e-05,0.00442625433238224
RXN-13603,DSS_only,TRUE,0.6357579814369689,0.0694936954142805,12,12,3.8347094487445704e-05,0.00442625433238224
RXN-14179,DSS_only,TRUE,0.6357579814369689,0.0694936954142805,12,12,3.8347094487445704e-05,0.00442625433238224
RXN-18846,DSS_only,TRUE,0.6357579814369689,0.0694936954142805,12,12,3.8347094487445704e-05,0.00442625433238224
RXN-21055,DSS_only,TRUE,0.6357579814369689,0.0694936954142805,12,12,3.8347094487445704e-05,0.00442625433238224
RXN-5341,DSS_only,TRUE,0.6357579814369689,0.0694936954142805,12,12,3.8347094487445704e-05,0.00442625433238224
RXN-8036,DSS_only,TRUE,0.6357579814369689,0.0694936954142805,12,12,3.8347094487445704e-05,0.00442625433238224
RXN-9674,DSS_only,TRUE,0.6357579814369689,0.0694936954142805,12,12,3.8347094487445704e-05,0.00442625433238224
RXN18C3-14,DSS_only,TRUE,0.6357579814369689,0.0694936954142805,12,12,3.8347094487445704e-05,0.00442625433238224
3.2.1.21-RXN,DSS_only,TRUE,0.63613817473352,0.069701977775684,12,12,3.8950357700440006e-05,0.00446606029980655
3.4.14.12-RXN,DSS_only,TRUE,0.8472338650726241,0.0955492354055406,12,12,4.6989948739559496e-05,0.004889790921287071
AKBLIG-RXN,DSS_only,TRUE,0.543137462865897,0.0612863820253731,12,12,4.7151960952813e-05,0.004889790921287071
2.4.1.212-RXN,DSS_only,TRUE,0.766447704977562,0.0882890487955314,12,12,5.3904748399609e-05,0.0052085116381793
RXN-11627,DSS_only,TRUE,0.766447704977562,0.0882890487955314,12,12,5.3904748399609e-05,0.0052085116381793
LINOLENOYL-RXN,DSS_only,TRUE,0.866780588887451,0.100591014248142,12,12,5.6556989898001295e-05,0.0052605488291359
R223-RXN,DSS_only,TRUE,0.866780588887451,0.100591014248142,12,12,5.6556989898001295e-05,0.0052605488291359
RXN-12184,DSS_only,TRUE,0.866780588887451,0.100591014248142,12,12,5.6556989898001295e-05,0.0052605488291359
RXN-12978,DSS_only,TRUE,0.866780588887451,0.100591014248142,12,12,5.6556989898001295e-05,0.0052605488291359
RXN-13290,DSS_only,TRUE,0.866780588887451,0.100591014248142,12,12,5.6556989898001295e-05,0.0052605488291359
RXN-13614,DSS_only,TRUE,0.866780588887451,0.100591014248142,12,12,5.6556989898001295e-05,0.0052605488291359
RXN-16380,DSS_only,TRUE,0.866780588887451,0.100591014248142,12,12,5.6556989898001295e-05,0.0052605488291359
RXN-16389,DSS_only,TRUE,0.866780588887451,0.100591014248142,12,12,5.6556989898001295e-05,0.0052605488291359
RXN-16393,DSS_only,TRUE,0.866780588887451,0.100591014248142,12,12,5.6556989898001295e-05,0.0052605488291359
RXN-16401,DSS_only,TRUE,0.866780588887451,0.100591014248142,12,12,5.6556989898001295e-05,0.0052605488291359
RXN-16402,DSS_only,TRUE,0.866780588887451,0.100591014248142,12,12,5.6556989898001295e-05,0.0052605488291359
RXN-16418,DSS_only,TRUE,0.866780588887451,0.100591014248142,12,12,5.6556989898001295e-05,0.0052605488291359
RXN-19751,DSS_only,TRUE,0.866780588887451,0.100591014248142,12,12,5.6556989898001295e-05,0.0052605488291359
RXN-19960,DSS_only,TRUE,0.866780588887451,0.100591014248142,12,12,5.6556989898001295e-05,0.0052605488291359
RXN-20651,DSS_only,TRUE,0.866780588887451,0.100591014248142,12,12,5.6556989898001295e-05,0.0052605488291359
RXN-21443,DSS_only,TRUE,0.866780588887451,0.100591014248142,12,12,5.6556989898001295e-05,0.0052605488291359
RXN-21445,DSS_only,TRUE,0.866780588887451,0.100591014248142,12,12,5.6556989898001295e-05,0.0052605488291359
RXN-21446,DSS_only,TRUE,0.866780588887451,0.100591014248142,12,12,5.6556989898001295e-05,0.0052605488291359
RXN-21447,DSS_only,TRUE,0.866780588887451,0.100591014248142,12,12,5.6556989898001295e-05,0.0052605488291359
RXN-21448,DSS_only,TRUE,0.866780588887451,0.100591014248142,12,12,5.6556989898001295e-05,0.0052605488291359
RXN-21449,DSS_only,TRUE,0.866780588887451,0.100591014248142,12,12,5.6556989898001295e-05,0.0052605488291359
RXN-21450,DSS_only,TRUE,0.866780588887451,0.100591014248142,12,12,5.6556989898001295e-05,0.0052605488291359
RXN-7904,DSS_only,TRUE,0.866780588887451,0.100591014248142,12,12,5.6556989898001295e-05,0.0052605488291359
RXN-9623,DSS_only,TRUE,0.866780588887451,0.100591014248142,12,12,5.6556989898001295e-05,0.0052605488291359
RXN-9644,DSS_only,TRUE,0.866780588887451,0.100591014248142,12,12,5.6556989898001295e-05,0.0052605488291359
RXN-9673,DSS_only,TRUE,0.866780588887451,0.100591014248142,12,12,5.6556989898001295e-05,0.0052605488291359
RXN66-469,DSS_only,TRUE,0.866780588887451,0.100591014248142,12,12,5.6556989898001295e-05,0.0052605488291359
RXN66-477,DSS_only,TRUE,0.866780588887451,0.100591014248142,12,12,5.6556989898001295e-05,0.0052605488291359
RXN66-480,DSS_only,TRUE,0.866780588887451,0.100591014248142,12,12,5.6556989898001295e-05,0.0052605488291359
RXN66-483,DSS_only,TRUE,0.866780588887451,0.100591014248142,12,12,5.6556989898001295e-05,0.0052605488291359
RXN66-484,DSS_only,TRUE,0.866780588887451,0.100591014248142,12,12,5.6556989898001295e-05,0.0052605488291359
RXN0-7238,DSS_only,TRUE,0.8684998835419742,0.10126569791635301,12,12,5.83018951925641e-05,0.00537070535224928
RXN0-7239,DSS_only,TRUE,0.8684998835419742,0.10126569791635301,12,12,5.83018951925641e-05,0.00537070535224928
RXN0-7248,DSS_only,TRUE,0.8684998835419742,0.10126569791635301,12,12,5.83018951925641e-05,0.00537070535224928
TRANS-RXN0-623,DSS_only,TRUE,0.8684998835419742,0.10126569791635301,12,12,5.83018951925641e-05,0.00537070535224928
RXN-12302,DSS_only,TRUE,0.856160734431307,0.10010501293800199,12,12,5.935839455056129e-05,0.00543477415405417
RXN-1824,DSS_only,TRUE,0.856160734431307,0.10010501293800199,12,12,5.935839455056129e-05,0.00543477415405417
GLUTAMATE-DEHYDROGENASE-RXN,DSS_only,TRUE,0.943495475205069,0.113149774168226,12,12,6.98937345437728e-05,0.0061380677676341295
2.4.1.54-RXN,DSS_only,TRUE,0.88773547458629,0.106633532437207,12,12,7.06179381219266e-05,0.00619134841184784
GLUTAMATE-DEHYDROGENASE-NADP+-RXN,DSS_only,TRUE,0.9818948837750021,0.11849934943171801,12,12,7.27826938333473e-05,0.0063180654093356395
3.1.1.47-RXN,DSS_only,TRUE,0.785663089038492,0.0971260265788909,12,12,8.491917787394e-05,0.00684194604839792
3.2.1.40-RXN,DSS_only,TRUE,1.1588826287271699,0.14394609628427998,12,12,8.75359806858772e-05,0.00684194604839792
D-THREO-ALDOSE-1-DEHYDROGENASE-RXN,DSS_only,TRUE,1.03047585992565,0.127996073194527,12,12,8.753389999975959e-05,0.00684194604839792
QUERCITRINASE-RXN,DSS_only,TRUE,1.1588826287271699,0.14394609628427998,12,12,8.75359806858772e-05,0.00684194604839792
RXN-13788,DSS_only,TRUE,1.1588826287271699,0.14394609628427998,12,12,8.75359806858772e-05,0.00684194604839792
RXN-14574,DSS_only,TRUE,1.1588826287271699,0.14394609628427998,12,12,8.75359806858772e-05,0.00684194604839792
RXN-16248,DSS_only,TRUE,1.1588826287271699,0.14394609628427998,12,12,8.75359806858772e-05,0.00684194604839792
RXN-16249,DSS_only,TRUE,1.1588826287271699,0.14394609628427998,12,12,8.75359806858772e-05,0.00684194604839792
RXN-16250,DSS_only,TRUE,1.1588826287271699,0.14394609628427998,12,12,8.75359806858772e-05,0.00684194604839792
TYROSINE-PHENOL-LYASE-RXN,DSS_only,TRUE,1.14702954982832,0.142403522962626,12,12,8.72602825823344e-05,0.00684194604839792
3.4.13.20-RXN,DSS_only,TRUE,0.9641309626497849,0.120148070268979,12,12,8.93846881022849e-05,0.00687068998612049
RXN-19944,DSS_only,TRUE,0.9641309626497849,0.120148070268979,12,12,8.93846881022849e-05,0.00687068998612049
DCMP-DEAMINASE-RXN,DSS_only,TRUE,0.5955248105249991,0.074693496784533,12,12,9.31440400346611e-05,0.00710781427589625
3.4.14.5-RXN,RCEwDSS_only,TRUE,0.738891948057551,0.0930846146427685,12,12,9.57998238180916e-05,0.00723905510158207
1.8.98.1-RXN,DSS_only,TRUE,1.7891763401210001,0.23242941822120602,12,10,0.000116466053752916,0.00830985687792643
RXN-15203,DSS_only,TRUE,1.2216565255271201,0.161345882156551,12,12,0.000129300340662714,0.008793603076270121
RXN-11691,DSS_only,TRUE,-0.41576048101777896,0.0553308219211954,12,3,0.00013568768216625402,0.00898197908128674
ARYLSULFAT-RXN,DSS_only,TRUE,0.748452026943486,0.100298945085676,12,12,0.000141748079635843,0.00927248890399981
RXN-20165,DSS_only,TRUE,0.748452026943486,0.100298945085676,12,12,0.000141748079635843,0.00927248890399981
TRYPTOPHAN-RXN,DSS_only,TRUE,1.19305295498471,0.1598547815524,12,12,0.000141611357598575,0.00927248890399981
PROTEIN-KINASE-RXN,DSS_only,TRUE,-1.80456540232664,0.243084958109339,12,10,0.000146457640272547,0.00953322542463376
RXN-19792,DSS_only,TRUE,1.05092598142603,0.14293559274447698,12,12,0.000155605819414412,0.0098675184104085
RXN-2103,DSS_only,TRUE,1.05092598142603,0.14293559274447698,12,12,0.000155605819414412,0.0098675184104085
AMINOGLYCOSIDE-N3-ACETYLTRANSFERASE-RXN,DSS_only,TRUE,-1.44911660932675,0.19820011444478,12,12,0.000161177312367645,0.0100684705907243
3.2.1.131-RXN,DSS_only,TRUE,0.8262581531528391,0.114241276822977,12,12,0.000172511717842722,0.0105483947259184
2.7.7.13-RXN,DSS_only,TRUE,0.7336840347299101,0.10181969658738699,12,12,0.000176576684979218,0.0107350091202723
3.6.3.1-RXN,DSS_only,TRUE,-1.4745637108856002,0.205512183110175,12,9,0.00018134903146856698,0.0109207350470191
BTUR2-RXN,DSS_only,TRUE,0.9258254513689399,0.129218418391559,12,12,0.00018297832706433602,0.0109937217898221
RXN-19335,DSS_only,TRUE,0.9258254513689399,0.129218418391559,12,12,0.00018297832706433602,0.0109937217898221
RXN-19368,DSS_only,TRUE,0.9258254513689399,0.129218418391559,12,12,0.00018297832706433602,0.0109937217898221
RXN-19369,DSS_only,TRUE,0.9258254513689399,0.129218418391559,12,12,0.00018297832706433602,0.0109937217898221
RXN-19339,DSS_only,TRUE,0.927338589854963,0.13009252644900698,12,12,0.000188913133313506,0.0112667921002323
3.5.1.98-RXN,DSS_only,TRUE,-1.3423834172664397,0.19500561866386398,12,11,0.000234720071685046,0.0133059386952431
NADH-PEROXIDASE-RXN,DSS_only,TRUE,0.6207839056791651,0.0914079855063371,12,12,0.00025520505093378,0.0140882813450002
PROPIONYL-COA-CARBOXY-RXN,DSS_only,TRUE,0.4993008583299571,0.0741812882574351,12,12,0.000269702773930203,0.0147879069343707
RXN1G-4355,DSS_only,TRUE,0.4993008583299571,0.0741812882574351,12,12,0.000269702773930203,0.0147879069343707
3.2.1.55-RXN,RCEwDSS_only,TRUE,0.643613121552636,0.0964048146525106,12,12,0.000283595071290201,0.0150363687431308
3.4.13.18-RXN,DSS_only,TRUE,0.762616716635336,0.11450293873319,12,12,0.00028778899790191,0.0150363687431308
RXN-19757,RCEwDSS_only,TRUE,0.643613121552636,0.0964048146525106,12,12,0.000283595071290201,0.0150363687431308
RXN-19758,RCEwDSS_only,TRUE,0.643613121552636,0.0964048146525106,12,12,0.000283595071290201,0.0150363687431308
RXN-19769,RCEwDSS_only,TRUE,0.643613121552636,0.0964048146525106,12,12,0.000283595071290201,0.0150363687431308
RXN0-6974,DSS_only,TRUE,0.762616716635336,0.11450293873319,12,12,0.00028778899790191,0.0150363687431308
RXN0-6975,DSS_only,TRUE,0.762616716635336,0.11450293873319,12,12,0.00028778899790191,0.0150363687431308
RXN0-6976,DSS_only,TRUE,0.762616716635336,0.11450293873319,12,12,0.00028778899790191,0.0150363687431308
RXN0-6977,DSS_only,TRUE,0.762616716635336,0.11450293873319,12,12,0.00028778899790191,0.0150363687431308
RXN0-6978,DSS_only,TRUE,0.762616716635336,0.11450293873319,12,12,0.00028778899790191,0.0150363687431308
RXN0-6979,DSS_only,TRUE,0.762616716635336,0.11450293873319,12,12,0.00028778899790191,0.0150363687431308
RXN0-6980,DSS_only,TRUE,0.762616716635336,0.11450293873319,12,12,0.00028778899790191,0.0150363687431308
RXN0-6981,DSS_only,TRUE,0.762616716635336,0.11450293873319,12,12,0.00028778899790191,0.0150363687431308
RXN0-6982,DSS_only,TRUE,0.762616716635336,0.11450293873319,12,12,0.00028778899790191,0.0150363687431308
RXN0-6983,DSS_only,TRUE,0.762616716635336,0.11450293873319,12,12,0.00028778899790191,0.0150363687431308
RXN0-6984,DSS_only,TRUE,0.762616716635336,0.11450293873319,12,12,0.00028778899790191,0.0150363687431308
RXN0-6985,DSS_only,TRUE,0.762616716635336,0.11450293873319,12,12,0.00028778899790191,0.0150363687431308
RXN0-6987,DSS_only,TRUE,0.762616716635336,0.11450293873319,12,12,0.00028778899790191,0.0150363687431308
RXN0-6988,DSS_only,TRUE,0.762616716635336,0.11450293873319,12,12,0.00028778899790191,0.0150363687431308
MEVALONATE-KINASE-RXN,DSS_only,TRUE,-1.10977291898026,0.16686673628796,12,9,0.000290348074464194,0.0150842503800906
RXN-6622,DSS_only,TRUE,0.763469292752783,0.11498411145111,12,12,0.000293282660949678,0.0152028037095528
325-BISPHOSPHATE-NUCLEOTIDASE-RXN,DSS_only,TRUE,0.612501758684391,0.0935875816941812,12,12,0.00032041588422012903,0.0162809583137194
3.4.15.5-RXN,DSS_only,TRUE,0.7772635071621808,0.1205722172585,12,12,0.000351444143701981,0.0173473487774659
GLUCOKIN-RXN,DSS_only,TRUE,0.574940812947015,0.0901832089984156,12,12,0.000376044329060645,0.018363788495703
RXN-11290,DSS_only,TRUE,0.9189086327137349,0.14512193337054097,12,12,0.000391937839912808,0.0188070338424063
NADPH-DEHYDROGENASE-RXN,RCEwDSS_only,TRUE,0.701949474350377,0.111202006310599,12,12,0.000399380768209293,0.0188314733230282
FORMALDEHYDE-TRANSKETOLASE-RXN,DSS_only,TRUE,0.756075675703021,0.120786846618682,12,12,0.00042023591303876,0.0192381153169751
RXN-21040,DSS_only,TRUE,0.756075675703021,0.120786846618682,12,12,0.00042023591303876,0.0192381153169751
2-DEHYDROPANTOATE-REDUCT-RXN,DSS_only,TRUE,0.390805376786341,0.0626478722395881,12,12,0.000429059564475013,0.0193644595899935
3.2.1.3-RXN,DSS_only,TRUE,0.9320835947351651,0.150563370882257,12,12,0.00044933340672507,0.019988413564506
RXN-9024,DSS_only,TRUE,0.9320835947351651,0.150563370882257,12,12,0.00044933340672507,0.019988413564506
BETA-GLUCURONID-RXN,DSS_only,TRUE,0.8522738875690842,0.139579258487385,12,12,0.000488177380945905,0.0212411581806785
RXN-15289,DSS_only,TRUE,0.8522738875690842,0.139579258487385,12,12,0.000488177380945905,0.0212411581806785
RXN-15291,DSS_only,TRUE,0.8522738875690842,0.139579258487385,12,12,0.000488177380945905,0.0212411581806785
NUCLEOSIDE-DEOXYRIBOSYLTRANSFERASE-RXN,DSS_only,TRUE,-1.3424787275913999,0.21994318038662303,12,7,0.0004892693290914219,0.0212756109480999
THREONINE-ALDOLASE-RXN,DSS_only,TRUE,1.0338659558141101,0.17047979123863097,12,12,0.0005086286945021041,0.0219497650865724
RXN-10769,RCEwDSS_only,TRUE,0.593729628324126,0.0982789265543005,12,12,0.000520446413659684,0.0222501926398021
RXN-10773,RCEwDSS_only,TRUE,0.593729628324126,0.0982789265543005,12,12,0.000520446413659684,0.0222501926398021
RXN-13602,RCEwDSS_only,TRUE,0.593729628324126,0.0982789265543005,12,12,0.000520446413659684,0.0222501926398021
RXN-13603,RCEwDSS_only,TRUE,0.593729628324126,0.0982789265543005,12,12,0.000520446413659684,0.0222501926398021
RXN-14179,RCEwDSS_only,TRUE,0.593729628324126,0.0982789265543005,12,12,0.000520446413659684,0.0222501926398021
RXN-18846,RCEwDSS_only,TRUE,0.593729628324126,0.0982789265543005,12,12,0.000520446413659684,0.0222501926398021
RXN-21055,RCEwDSS_only,TRUE,0.593729628324126,0.0982789265543005,12,12,0.000520446413659684,0.0222501926398021
RXN-5341,RCEwDSS_only,TRUE,0.593729628324126,0.0982789265543005,12,12,0.000520446413659684,0.0222501926398021
RXN-8036,RCEwDSS_only,TRUE,0.593729628324126,0.0982789265543005,12,12,0.000520446413659684,0.0222501926398021
RXN-9674,RCEwDSS_only,TRUE,0.593729628324126,0.0982789265543005,12,12,0.000520446413659684,0.0222501926398021
RXN18C3-14,RCEwDSS_only,TRUE,0.593729628324126,0.0982789265543005,12,12,0.000520446413659684,0.0222501926398021
3.2.1.21-RXN,RCEwDSS_only,TRUE,0.593729628324126,0.0985734822946004,12,12,0.0005298639948803941,0.0225443513500341
OROTATE-REDUCTASE-NADH-RXN,RCEwDSS_only,TRUE,0.796032692887498,0.132161938248526,12,12,0.000529894085383308,0.0225443513500341
RXN-14907,RCEwDSS_only,TRUE,0.873659327151203,0.145907484192108,12,3,0.0005489213726306481,0.0228917807413171
TAURINE-AMINOTRANSFERASE-RXN,RCEwDSS_only,TRUE,0.873659327151203,0.145907484192108,12,3,0.0005489213726306481,0.0228917807413171
RXN-9929,DSS_only,TRUE,0.70817193993118,0.118439629999934,12,12,0.000553648442941089,0.0229518985745337
RXN-9778,DSS_only,TRUE,0.9526862954506099,0.15950587101244398,12,12,0.000557228891931048,0.0230467070436662
GLYCERATE-DEHYDROGENASE-RXN,DSS_only,TRUE,0.722039040459412,0.121697243512672,12,12,0.000579837191309466,0.0237705944854477
3.4.15.6-RXN,RCEwDSS_only,TRUE,0.675186174842822,0.114275352771623,12,4,0.000594412948241437,0.024217336640627002
AMP-NUCLEOSID-RXN,DSS_only,TRUE,1.66330380358868,0.2820511375825,12,11,0.000601193955092284,0.024386537245360003
GUANINE-DEAMINASE-RXN,DSS_only,TRUE,1.10853994529171,0.190655491395585,12,12,0.000653886590384615,0.0254747447102005
RXN-15261,DSS_only,TRUE,1.10853994529171,0.190655491395585,12,12,0.000653886590384615,0.0254747447102005
RXN-7668,DSS_only,TRUE,0.6987535727734331,0.121326277487214,12,12,0.000691781201936584,0.026499041978967002
1.2.3.3-RXN,DSS_only,TRUE,-0.8397833744227159,0.14688417352319,12,7,0.000722316628892009,0.0268417521950134
2.7.11.24-RXN,DSS_only,TRUE,-1.4606160120466,0.254441503842888,12,10,0.00070528561695888,0.0268417521950134
3.4.14.4-RXN,DSS_only,TRUE,0.8363295518928909,0.145813452113982,12,12,0.000708825689651661,0.0268417521950134
GLUTAMATE-FORMIMINOTRANSFERASE-RXN,DSS_only,TRUE,0.683150722348584,0.11900346581282198,12,12,0.000705201048795666,0.0268417521950134
RXN-14950,DSS_only,TRUE,0.424516916252046,0.0743857036390652,12,12,0.0007300735568721389,0.0268417521950134
RXN-14957,DSS_only,TRUE,0.424516916252046,0.0743857036390652,12,12,0.0007300735568721389,0.0268417521950134
RXN-14959,DSS_only,TRUE,0.424516916252046,0.0743857036390652,12,12,0.0007300735568721389,0.0268417521950134
RXN-20716,DSS_only,TRUE,0.683150722348584,0.11900346581282198,12,12,0.000705201048795666,0.0268417521950134
RXN0-949,DSS_only,TRUE,0.424516916252046,0.0743857036390652,12,12,0.0007300735568721389,0.0268417521950134
RXN-10759,DSS_only,TRUE,1.1186848686389599,0.197458809378674,12,12,0.000762179229788831,0.0271264761742878
RXN-10760,DSS_only,TRUE,1.1186848686389599,0.197458809378674,12,12,0.000762179229788831,0.0271264761742878
RXN-14173,DSS_only,TRUE,1.1186848686389599,0.197458809378674,12,12,0.000762179229788831,0.0271264761742878
RXN-14174,DSS_only,TRUE,1.1186848686389599,0.197458809378674,12,12,0.000762179229788831,0.0271264761742878
2.3.1.41-RXN,DSS_only,TRUE,1.61233034095347,0.285270955903022,12,11,0.000772931098475063,0.027224594169478998
3-OXOACYL-ACP-SYNTH-RXN,DSS_only,TRUE,1.61233034095347,0.285270955903022,12,11,0.000772931098475063,0.027224594169478998
RXN-10654,DSS_only,TRUE,1.61233034095347,0.285270955903022,12,11,0.000772931098475063,0.027224594169478998
RXN-10658,DSS_only,TRUE,1.61233034095347,0.285270955903022,12,11,0.000772931098475063,0.027224594169478998
RXN-11474,DSS_only,TRUE,1.61233034095347,0.285270955903022,12,11,0.000772931098475063,0.027224594169478998
RXN-11479,DSS_only,TRUE,1.61233034095347,0.285270955903022,12,11,0.000772931098475063,0.027224594169478998
RXN-16615,DSS_only,TRUE,1.61233034095347,0.285270955903022,12,11,0.000772931098475063,0.027224594169478998
RXN-16621,DSS_only,TRUE,1.61233034095347,0.285270955903022,12,11,0.000772931098475063,0.027224594169478998
RXN-16625,DSS_only,TRUE,1.61233034095347,0.285270955903022,12,11,0.000772931098475063,0.027224594169478998
RXN-16629,DSS_only,TRUE,1.61233034095347,0.285270955903022,12,11,0.000772931098475063,0.027224594169478998
RXN-20947,DSS_only,TRUE,1.61233034095347,0.285270955903022,12,11,0.000772931098475063,0.027224594169478998
RXN-9516,DSS_only,TRUE,1.61233034095347,0.285270955903022,12,11,0.000772931098475063,0.027224594169478998
RXN-9523,DSS_only,TRUE,1.61233034095347,0.285270955903022,12,11,0.000772931098475063,0.027224594169478998
RXN-9527,DSS_only,TRUE,1.61233034095347,0.285270955903022,12,11,0.000772931098475063,0.027224594169478998
RXN-9531,DSS_only,TRUE,1.61233034095347,0.285270955903022,12,11,0.000772931098475063,0.027224594169478998
RXN-9539,DSS_only,TRUE,1.61233034095347,0.285270955903022,12,11,0.000772931098475063,0.027224594169478998
RXN-9632,DSS_only,TRUE,1.61233034095347,0.285270955903022,12,11,0.000772931098475063,0.027224594169478998
RXN-9648,DSS_only,TRUE,1.61233034095347,0.285270955903022,12,11,0.000772931098475063,0.027224594169478998
RXN-9650,DSS_only,TRUE,1.61233034095347,0.285270955903022,12,11,0.000772931098475063,0.027224594169478998
RXN-9651,DSS_only,TRUE,1.61233034095347,0.285270955903022,12,11,0.000772931098475063,0.027224594169478998
RXN-9652,DSS_only,TRUE,1.61233034095347,0.285270955903022,12,11,0.000772931098475063,0.027224594169478998
RXN-9653,DSS_only,TRUE,1.61233034095347,0.285270955903022,12,11,0.000772931098475063,0.027224594169478998
RXN-9654,DSS_only,TRUE,1.61233034095347,0.285270955903022,12,11,0.000772931098475063,0.027224594169478998
RXN0-2141,DSS_only,TRUE,1.61233034095347,0.285270955903022,12,11,0.000772931098475063,0.027224594169478998
RXN1G-368,DSS_only,TRUE,1.61233034095347,0.285270955903022,12,11,0.000772931098475063,0.027224594169478998
RXN1G-445,DSS_only,TRUE,1.61233034095347,0.285270955903022,12,11,0.000772931098475063,0.027224594169478998
HYDROXYMETHYLGLUTARYL-COA-SYNTHASE-RXN,DSS_only,TRUE,-1.03190214263766,0.18373177975607,12,8,0.000802122696765729,0.0276773941600485
RXN-12124,DSS_only,TRUE,1.2022738317221497,0.215358171817929,12,12,0.000830897174700466,0.0283376271387165
RXN-13682,DSS_only,TRUE,1.2022738317221497,0.215358171817929,12,12,0.000830897174700466,0.0283376271387165
RXN-21463,DSS_only,TRUE,1.2022738317221497,0.215358171817929,12,12,0.000830897174700466,0.0283376271387165
2.4.1.57-RXN,DSS_only,TRUE,-0.544682461636481,0.0978612005833701,12,7,0.0008456828528495049,0.0287118046922333
2.4.1.212-RXN,RCEwDSS_only,TRUE,0.6933070001068621,0.124859570215661,12,12,0.000857479460734018,0.0290188232145131
RXN-11627,RCEwDSS_only,TRUE,0.6933070001068621,0.124859570215661,12,12,0.000857479460734018,0.0290188232145131
3.4.11.5-RXN,RCEwDSS_only,TRUE,-0.8852859915739291,0.16047862048692998,12,12,0.000890814014698967,0.0297929368851272
1.8.98.1-RXN,RCEwDSS_only,TRUE,1.80160800760045,0.328704835542917,12,10,0.0009250573756096651,0.0302586257485089
DGTPTRIPHYDRO-RXN,DSS_only,TRUE,0.55918252629571,0.10203545128777901,12,12,0.00092569848756161,0.0302586257485089
2.1.3.9-RXN,DSS_only,TRUE,0.614389885401961,0.112866618757369,12,12,0.000962641006464819,0.0311091566468226
GLYCERATE-DEHYDROGENASE-RXN,RCEwDSS_only,TRUE,0.931678967731417,0.172105892279041,12,12,0.000994103324939164,0.0319788109876034
3.4.24.71-RXN,DSS_only,TRUE,0.61306333511463,0.11399006075843598,12,12,0.00103234723246705,0.032660726732605
MEVALONATE-KINASE-RXN,RCEwDSS_only,TRUE,-1.26502838078427,0.23598520156736802,12,9,0.0010520790034759802,0.0327997496805158
RXN-12227,DSS_only,TRUE,0.916819386197274,0.172086956863118,12,9,0.0010902065528095302,0.0333886449756698
RXN-11691,RCEwDSS_only,TRUE,-0.41576048101778,0.0782495987782051,12,3,0.00110732766174077,0.0338147256751346
HISTIDINE-AMMONIA-LYASE-RXN,DSS_only,TRUE,0.44233438071672604,0.0833233923308962,12,12,0.0011128804294055,0.0338603498047674
PRODISULFREDUCT-RXN,DSS_only,TRUE,1.02118771438063,0.19237358789415804,12,12,0.0011132288435224801,0.0338603498047674
RXN-19629,DSS_only,TRUE,1.02118771438063,0.19237358789415804,12,12,0.0011132288435224801,0.0338603498047674
2.4.1.54-RXN,RCEwDSS_only,TRUE,0.799022275252621,0.15080258777645,12,12,0.00112524130833918,0.0339583132984011
RXN-15518,DSS_only,TRUE,-0.9955980922643121,0.18862254304778098,12,8,0.00115023392823546,0.0343194372290957
1.1.1.261-RXN,DSS_only,TRUE,1.0462519608285101,0.19919367984873199,12,12,0.00118306964861252,0.0350116854393098
3.4.24.55-RXN,DSS_only,TRUE,0.842091921821423,0.1616184231185,12,12,0.00123881990227076,0.0360939443132159
3.6.4.3-RXN,DSS_only,TRUE,-0.9579050614751221,0.184415258109137,12,9,0.00126090924923128,0.0364353332385492
RXN-19735,DSS_only,TRUE,-0.609129210004991,0.11756957577925001,12,3,0.00127946321831709,0.0368200305295272
RXN-12302,RCEwDSS_only,TRUE,0.732939881279034,0.141569866958457,12,12,0.00128480229605697,0.0368930804271574
RXN-1824,RCEwDSS_only,TRUE,0.732939881279034,0.141569866958457,12,12,0.00128480229605697,0.0368930804271574
4.3.1.4-RXN,DSS_only,TRUE,0.784986097018989,0.15204243363727898,12,12,0.00130521289345809,0.0373468790562551
LYSINE-23-AMINOMUTASE-RXN,DSS_only,TRUE,1.4875150203576601,0.28980531661777,12,10,0.0013494443799871901,0.0382490173589483
2.1.1.34-RXN,DSS_only,TRUE,0.7458105002645691,0.14560760225590302,12,12,0.00136562592203377,0.0385560706641327
HYDROG-RXN,DSS_only,TRUE,0.44308128457305895,0.08649734403013899,12,12,0.00136497933604295,0.0385560706641327
TYROSINE-PHENOL-LYASE-RXN,RCEwDSS_only,TRUE,1.03164841613654,0.201388993503454,12,12,0.00136470516859559,0.0385560706641327
ARGININE-DEIMINASE-RXN,DSS_only,TRUE,0.778579927372512,0.152046333720499,12,12,0.00136772166524181,0.038580294424476
BUTYRYL-COA-DEHYDROGENASE-RXN,DSS_only,TRUE,0.5988569211743761,0.11702053542148,12,12,0.00137249431180255,0.0385942162765351
D-THREO-ALDOSE-1-DEHYDROGENASE-RXN,RCEwDSS_only,TRUE,0.9264266577969059,0.181013782642199,12,12,0.0013718049092405,0.0385942162765351
IMIDAZOLONEPROPIONASE-RXN,DSS_only,TRUE,0.410884250485063,0.0803181591156024,12,12,0.00137528421713277,0.0385942162765351
PROPCOASYN-RXN,DSS_only,TRUE,0.5988569211743761,0.11702053542148,12,12,0.00137249431180255,0.0385942162765351
RXN-13449,DSS_only,TRUE,0.5988569211743761,0.11702053542148,12,12,0.00137249431180255,0.0385942162765351
COA-DISULFIDE-REDUCTASE-NADH-RXN,DSS_only,TRUE,0.723594210598706,0.141860315253275,12,12,0.00139833649677357,0.0386946981946397
LINOLENOYL-RXN,RCEwDSS_only,TRUE,0.722095419370919,0.14225717660258702,12,12,0.00143745713274588,0.0388622325493308
R223-RXN,RCEwDSS_only,TRUE,0.722095419370919,0.14225717660258702,12,12,0.00143745713274588,0.0388622325493308
RXN-12184,RCEwDSS_only,TRUE,0.722095419370919,0.14225717660258702,12,12,0.00143745713274588,0.0388622325493308
RXN-12978,RCEwDSS_only,TRUE,0.722095419370919,0.14225717660258702,12,12,0.00143745713274588,0.0388622325493308
RXN-13290,RCEwDSS_only,TRUE,0.722095419370919,0.14225717660258702,12,12,0.00143745713274588,0.0388622325493308
RXN-13614,RCEwDSS_only,TRUE,0.722095419370919,0.14225717660258702,12,12,0.00143745713274588,0.0388622325493308
RXN-16380,RCEwDSS_only,TRUE,0.722095419370919,0.14225717660258702,12,12,0.00143745713274588,0.0388622325493308
RXN-16389,RCEwDSS_only,TRUE,0.722095419370919,0.14225717660258702,12,12,0.00143745713274588,0.0388622325493308
RXN-16393,RCEwDSS_only,TRUE,0.722095419370919,0.14225717660258702,12,12,0.00143745713274588,0.0388622325493308
RXN-16401,RCEwDSS_only,TRUE,0.722095419370919,0.14225717660258702,12,12,0.00143745713274588,0.0388622325493308
RXN-16402,RCEwDSS_only,TRUE,0.722095419370919,0.14225717660258702,12,12,0.00143745713274588,0.0388622325493308
RXN-16418,RCEwDSS_only,TRUE,0.722095419370919,0.14225717660258702,12,12,0.00143745713274588,0.0388622325493308
RXN-19751,RCEwDSS_only,TRUE,0.722095419370919,0.14225717660258702,12,12,0.00143745713274588,0.0388622325493308
RXN-19960,RCEwDSS_only,TRUE,0.722095419370919,0.14225717660258702,12,12,0.00143745713274588,0.0388622325493308
RXN-20651,RCEwDSS_only,TRUE,0.722095419370919,0.14225717660258702,12,12,0.00143745713274588,0.0388622325493308
RXN-21443,RCEwDSS_only,TRUE,0.722095419370919,0.14225717660258702,12,12,0.00143745713274588,0.0388622325493308
RXN-21445,RCEwDSS_only,TRUE,0.722095419370919,0.14225717660258702,12,12,0.00143745713274588,0.0388622325493308
RXN-21446,RCEwDSS_only,TRUE,0.722095419370919,0.14225717660258702,12,12,0.00143745713274588,0.0388622325493308
RXN-21447,RCEwDSS_only,TRUE,0.722095419370919,0.14225717660258702,12,12,0.00143745713274588,0.0388622325493308
RXN-21448,RCEwDSS_only,TRUE,0.722095419370919,0.14225717660258702,12,12,0.00143745713274588,0.0388622325493308
RXN-21449,RCEwDSS_only,TRUE,0.722095419370919,0.14225717660258702,12,12,0.00143745713274588,0.0388622325493308
RXN-21450,RCEwDSS_only,TRUE,0.722095419370919,0.14225717660258702,12,12,0.00143745713274588,0.0388622325493308
RXN-7904,RCEwDSS_only,TRUE,0.722095419370919,0.14225717660258702,12,12,0.00143745713274588,0.0388622325493308
RXN-9623,RCEwDSS_only,TRUE,0.722095419370919,0.14225717660258702,12,12,0.00143745713274588,0.0388622325493308
RXN-9644,RCEwDSS_only,TRUE,0.722095419370919,0.14225717660258702,12,12,0.00143745713274588,0.0388622325493308
RXN-9673,RCEwDSS_only,TRUE,0.722095419370919,0.14225717660258702,12,12,0.00143745713274588,0.0388622325493308
RXN66-469,RCEwDSS_only,TRUE,0.722095419370919,0.14225717660258702,12,12,0.00143745713274588,0.0388622325493308
RXN66-477,RCEwDSS_only,TRUE,0.722095419370919,0.14225717660258702,12,12,0.00143745713274588,0.0388622325493308
RXN66-480,RCEwDSS_only,TRUE,0.722095419370919,0.14225717660258702,12,12,0.00143745713274588,0.0388622325493308
RXN66-483,RCEwDSS_only,TRUE,0.722095419370919,0.14225717660258702,12,12,0.00143745713274588,0.0388622325493308
RXN66-484,RCEwDSS_only,TRUE,0.722095419370919,0.14225717660258702,12,12,0.00143745713274588,0.0388622325493308
CELLOBIOSE-PHOSPHORYLASE-RXN,DSS_only,TRUE,1.0385453950323,0.20606153739543698,12,12,0.00149652475142808,0.0396226106690536
RXN0-7238,RCEwDSS_only,TRUE,0.722095419370919,0.14321132339648301,12,12,0.00149285615086558,0.0396226106690536
RXN0-7239,RCEwDSS_only,TRUE,0.722095419370919,0.14321132339648301,12,12,0.00149285615086558,0.0396226106690536
RXN0-7248,RCEwDSS_only,TRUE,0.722095419370919,0.14321132339648301,12,12,0.00149285615086558,0.0396226106690536
TRANS-RXN0-623,RCEwDSS_only,TRUE,0.722095419370919,0.14321132339648301,12,12,0.00149285615086558,0.0396226106690536
3.4.11.5-RXN,RCE_only,TRUE,-1.02122429038783,0.204570904344327,12,12,0.00157939826243015,0.0402955861460731
ACETOACETATE--COA-LIGASE-RXN,DSS_only,TRUE,1.4244701980648702,0.28746851961247305,12,10,0.00164648138185105,0.0402955861460731
FATTY-ACYL-COA-SYNTHASE-RXN,DSS_only,TRUE,1.4244701980648702,0.28746851961247305,12,10,0.00164648138185105,0.0402955861460731
RXN-10059,DSS_only,TRUE,1.4244701980648702,0.28746851961247305,12,10,0.00164648138185105,0.0402955861460731
RXN-10060,DSS_only,TRUE,1.4244701980648702,0.28746851961247305,12,10,0.00164648138185105,0.0402955861460731
RXN-10061,DSS_only,TRUE,1.4244701980648702,0.28746851961247305,12,10,0.00164648138185105,0.0402955861460731
RXN-10062,DSS_only,TRUE,1.4244701980648702,0.28746851961247305,12,10,0.00164648138185105,0.0402955861460731
RXN-20769,DSS_only,TRUE,1.4244701980648702,0.28746851961247305,12,10,0.00164648138185105,0.0402955861460731
RXN-20770,DSS_only,TRUE,1.4244701980648702,0.28746851961247305,12,10,0.00164648138185105,0.0402955861460731
RXN-21482,DSS_only,TRUE,1.32726433928592,0.265364878773033,12,8,0.0015623579805151301,0.0402955861460731
RXN-21483,DSS_only,TRUE,1.32726433928592,0.265364878773033,12,8,0.0015623579805151301,0.0402955861460731
RXN-21719,DSS_only,TRUE,1.4244701980648702,0.28746851961247305,12,10,0.00164648138185105,0.0402955861460731
RXN-21720,DSS_only,TRUE,1.4244701980648702,0.28746851961247305,12,10,0.00164648138185105,0.0402955861460731
RXN-21721,DSS_only,TRUE,1.4244701980648702,0.28746851961247305,12,10,0.00164648138185105,0.0402955861460731
RXN-21722,DSS_only,TRUE,1.4244701980648702,0.28746851961247305,12,10,0.00164648138185105,0.0402955861460731
RXN-21723,DSS_only,TRUE,1.4244701980648702,0.28746851961247305,12,10,0.00164648138185105,0.0402955861460731
RXN-21724,DSS_only,TRUE,1.4244701980648702,0.28746851961247305,12,10,0.00164648138185105,0.0402955861460731
RXN-21725,DSS_only,TRUE,1.4244701980648702,0.28746851961247305,12,10,0.00164648138185105,0.0402955861460731
RXN-21726,DSS_only,TRUE,1.4244701980648702,0.28746851961247305,12,10,0.00164648138185105,0.0402955861460731
RXN0-6259,DSS_only,TRUE,1.32726433928592,0.265364878773033,12,8,0.0015623579805151301,0.0402955861460731
RXN1G-499,DSS_only,TRUE,1.4244701980648702,0.28746851961247305,12,10,0.00164648138185105,0.0402955861460731
RXN1G-508,DSS_only,TRUE,1.4244701980648702,0.28746851961247305,12,10,0.00164648138185105,0.0402955861460731
RXN1G-517,DSS_only,TRUE,1.4244701980648702,0.28746851961247305,12,10,0.00164648138185105,0.0402955861460731
RXN1G-526,DSS_only,TRUE,1.4244701980648702,0.28746851961247305,12,10,0.00164648138185105,0.0402955861460731
RXN1G-536,DSS_only,TRUE,1.4244701980648702,0.28746851961247305,12,10,0.00164648138185105,0.0402955861460731
RXN3O-1803,DSS_only,TRUE,1.4244701980648702,0.28746851961247305,12,10,0.00164648138185105,0.0402955861460731
RXN3O-5293,DSS_only,TRUE,1.4244701980648702,0.28746851961247305,12,10,0.00164648138185105,0.0402955861460731
RXN3O-5304,DSS_only,TRUE,1.4244701980648702,0.28746851961247305,12,10,0.00164648138185105,0.0402955861460731
RXN66-610,DSS_only,TRUE,1.4244701980648702,0.28746851961247305,12,10,0.00164648138185105,0.0402955861460731
RXN66-614,DSS_only,TRUE,1.4244701980648702,0.28746851961247305,12,10,0.00164648138185105,0.0402955861460731
RXN66-616,DSS_only,TRUE,1.4244701980648702,0.28746851961247305,12,10,0.00164648138185105,0.0402955861460731
RXN66-618,DSS_only,TRUE,1.4244701980648702,0.28746851961247305,12,10,0.00164648138185105,0.0402955861460731
RXN66-619,DSS_only,TRUE,1.4244701980648702,0.28746851961247305,12,10,0.00164648138185105,0.0402955861460731
RXN66-620,DSS_only,TRUE,1.4244701980648702,0.28746851961247305,12,10,0.00164648138185105,0.0402955861460731
RXN66-622,DSS_only,TRUE,1.4244701980648702,0.28746851961247305,12,10,0.00164648138185105,0.0402955861460731
RXN66-623,DSS_only,TRUE,1.4244701980648702,0.28746851961247305,12,10,0.00164648138185105,0.0402955861460731
RXN66-624,DSS_only,TRUE,1.4244701980648702,0.28746851961247305,12,10,0.00164648138185105,0.0402955861460731
RXN66-626,DSS_only,TRUE,1.4244701980648702,0.28746851961247305,12,10,0.00164648138185105,0.0402955861460731
RXN66-627,DSS_only,TRUE,1.4244701980648702,0.28746851961247305,12,10,0.00164648138185105,0.0402955861460731
RXN66-628,DSS_only,TRUE,1.4244701980648702,0.28746851961247305,12,10,0.00164648138185105,0.0402955861460731
RXN66-630,DSS_only,TRUE,1.4244701980648702,0.28746851961247305,12,10,0.00164648138185105,0.0402955861460731
RXN66-631,DSS_only,TRUE,1.4244701980648702,0.28746851961247305,12,10,0.00164648138185105,0.0402955861460731
RXN66-632,DSS_only,TRUE,1.4244701980648702,0.28746851961247305,12,10,0.00164648138185105,0.0402955861460731
RXN66-635,DSS_only,TRUE,1.4244701980648702,0.28746851961247305,12,10,0.00164648138185105,0.0402955861460731
RXN66-636,DSS_only,TRUE,1.4244701980648702,0.28746851961247305,12,10,0.00164648138185105,0.0402955861460731
RXN66-637,DSS_only,TRUE,1.4244701980648702,0.28746851961247305,12,10,0.00164648138185105,0.0402955861460731
RXN66-639,DSS_only,TRUE,1.4244701980648702,0.28746851961247305,12,10,0.00164648138185105,0.0402955861460731
RXN66-640,DSS_only,TRUE,1.4244701980648702,0.28746851961247305,12,10,0.00164648138185105,0.0402955861460731
RXN66-641,DSS_only,TRUE,1.4244701980648702,0.28746851961247305,12,10,0.00164648138185105,0.0402955861460731
RXN66-642,DSS_only,TRUE,1.4244701980648702,0.28746851961247305,12,10,0.00164648138185105,0.0402955861460731
RXN66-645,DSS_only,TRUE,1.4244701980648702,0.28746851961247305,12,10,0.00164648138185105,0.0402955861460731
RXN66-646,DSS_only,TRUE,1.4244701980648702,0.28746851961247305,12,10,0.00164648138185105,0.0402955861460731
RXN66-648,DSS_only,TRUE,1.4244701980648702,0.28746851961247305,12,10,0.00164648138185105,0.0402955861460731
3.2.1.40-RXN,RCEwDSS_only,TRUE,1.00803405850814,0.203570521615892,12,12,0.0016529350993023,0.0403198817510366
5.4.99.16-RXN,RCEwDSS_only,TRUE,1.41424760528976,0.28553524598290103,12,9,0.00165068544866292,0.0403198817510366
QUERCITRINASE-RXN,RCEwDSS_only,TRUE,1.00803405850814,0.203570521615892,12,12,0.0016529350993023,0.0403198817510366
RXN-13788,RCEwDSS_only,TRUE,1.00803405850814,0.203570521615892,12,12,0.0016529350993023,0.0403198817510366
RXN-14574,RCEwDSS_only,TRUE,1.00803405850814,0.203570521615892,12,12,0.0016529350993023,0.0403198817510366
RXN-16248,RCEwDSS_only,TRUE,1.00803405850814,0.203570521615892,12,12,0.0016529350993023,0.0403198817510366
RXN-16249,RCEwDSS_only,TRUE,1.00803405850814,0.203570521615892,12,12,0.0016529350993023,0.0403198817510366
RXN-16250,RCEwDSS_only,TRUE,1.00803405850814,0.203570521615892,12,12,0.0016529350993023,0.0403198817510366
FMNREDUCT-RXN,DSS_only,TRUE,1.01741309499358,0.205950678940576,12,12,0.00167498602033775,0.0407850502187901
ARYLESTERASE-RXN,DSS_only,TRUE,0.9655292227179879,0.195580364156721,12,9,0.0016813519372807198,0.0408437877138375
RXN-20738,DSS_only,TRUE,0.9655292227179879,0.195580364156721,12,9,0.0016813519372807198,0.0408437877138375
RXN-20739,DSS_only,TRUE,0.9655292227179879,0.195580364156721,12,9,0.0016813519372807198,0.0408437877138375
RXN-20743,DSS_only,TRUE,0.9655292227179879,0.195580364156721,12,9,0.0016813519372807198,0.0408437877138375
RXN-19792,RCEwDSS_only,TRUE,0.991179150923974,0.202141453805077,12,12,0.00174635459740323,0.0418458010215421
RXN-2103,RCEwDSS_only,TRUE,0.991179150923974,0.202141453805077,12,12,0.00174635459740323,0.0418458010215421
2.1.1.64-RXN,DSS_only,TRUE,1.2264040581758702,0.250310097778996,12,12,0.00175404724655647,0.0419252699095275
DHHB-METHYLTRANSFER-RXN,DSS_only,TRUE,1.2264040581758702,0.250310097778996,12,12,0.00175404724655647,0.0419252699095275
RXN-11758,DSS_only,TRUE,1.2264040581758702,0.250310097778996,12,12,0.00175404724655647,0.0419252699095275
RXN-9229,DSS_only,TRUE,1.2264040581758702,0.250310097778996,12,12,0.00175404724655647,0.0419252699095275
RXN-9237,DSS_only,TRUE,1.2264040581758702,0.250310097778996,12,12,0.00175404724655647,0.0419252699095275
RXN3O-102,DSS_only,TRUE,1.2264040581758702,0.250310097778996,12,12,0.00175404724655647,0.0419252699095275
2.4.1.230-RXN,DSS_only,TRUE,0.669228362812815,0.136641646525093,12,12,0.00175775103349005,0.0419947483367299
RXN-15358,DSS_only,TRUE,0.669228362812815,0.136641646525093,12,12,0.00175775103349005,0.0419947483367299
UROCANATE-HYDRATASE-RXN,DSS_only,TRUE,0.38096939551525505,0.0778700452064961,12,12,0.0017684448109798198,0.0420595323765059
3.2.1.25-RXN,DSS_only,TRUE,1.33078919444353,0.27322339760084396,12,12,0.00181280261778573,0.0426890703245153
3.2.1.37-RXN,DSS_only,TRUE,0.681455494149245,0.13997095521732503,12,12,0.0018172709668943898,0.0427575984762667
GLUTAMATE-DEHYDROGENASE-NADP+-RXN,RCEwDSS_only,TRUE,0.814161693276932,0.167583387098724,12,12,0.0018388427741908898,0.0429677620654839
RXN-20702,RCEwDSS_only,TRUE,0.451273094162677,0.0928998735400526,12,2,0.0018401491126800898,0.0429792274137142
MEVALONATE-KINASE-RXN,RCE_only,TRUE,-1.4609386437603997,0.300823286927784,12,9,0.0018425996459890898,0.0430078673516975
ALPHA-L-FUCOSIDASE-RXN,DSS_only,TRUE,0.6512950627832429,0.134228550978365,12,12,0.00185177855219377,0.043155203658644
RXN-19378,DSS_only,TRUE,0.6512950627832429,0.134228550978365,12,12,0.00185177855219377,0.043155203658644
RXN-19379,DSS_only,TRUE,0.6512950627832429,0.134228550978365,12,12,0.00185177855219377,0.043155203658644
RXN-21816,DSS_only,TRUE,0.6512950627832429,0.134228550978365,12,12,0.00185177855219377,0.043155203658644
RXN197R-54,DSS_only,TRUE,0.6512950627832429,0.134228550978365,12,12,0.00185177855219377,0.043155203658644
3.4.14.12-RXN,RCEwDSS_only,TRUE,0.653645316065652,0.135127024584895,12,12,0.0018836660819158398,0.0434582352814307
RXN-13037,DSS_only,TRUE,0.40098804586266795,0.0833787882240488,12,12,0.0019454489046381602,0.044366844268857
RXN0-947,DSS_only,TRUE,0.40098804586266795,0.0833787882240488,12,12,0.0019454489046381602,0.044366844268857
RXN-11363,DSS_only,TRUE,1.02664322683982,0.213938079287862,12,12,0.0019690440921357197,0.0446825457807128
3.1.1.47-RXN,RCEwDSS_only,TRUE,0.6545208112367049,0.137356944047277,12,12,0.00204729426629365,0.0457914014908039
1.8.1.4-RXN,DSS_only,TRUE,0.33390419842637703,0.0702557690271346,12,12,0.00207700274928763,0.0458810508573942
2-DEHYDROPANTOATE-REDUCT-RXN,RCEwDSS_only,TRUE,0.42098714388958297,0.0885974705750425,12,12,0.00207944259229907,0.0458810508573942
RXN-7716,DSS_only,TRUE,0.33390419842637703,0.0702557690271346,12,12,0.00207700274928763,0.0458810508573942
RXN-7719,DSS_only,TRUE,0.33390419842637703,0.0702557690271346,12,12,0.00207700274928763,0.0458810508573942
RXN-8629,DSS_only,TRUE,0.33390419842637703,0.0702557690271346,12,12,0.00207700274928763,0.0458810508573942
RXN-8801,RCEwDSS_only,TRUE,0.597823863055264,0.125782162623621,12,5,0.00207662526464187,0.0458810508573942
RXN0-1132,DSS_only,TRUE,0.33390419842637703,0.0702557690271346,12,12,0.00207700274928763,0.0458810508573942
5.4.99.16-RXN,DSS_only,TRUE,0.9540461923263499,0.20190390870227803,12,9,0.0021443882779572103,0.0463557362634344
RIBULOKIN-RXN,DSS_only,TRUE,0.9010388707234891,0.191023919929808,12,12,0.00216538802662913,0.0464602430267277
RXN0-5116,DSS_only,TRUE,0.9010388707234891,0.191023919929808,12,12,0.00216538802662913,0.0464602430267277
NUCLEOSIDE-DEOXYRIBOSYLTRANSFERASE-RXN,RCE_only,TRUE,-1.8699984842108102,0.396508207286298,12,7,0.00216721864195112,0.046486906037732
TRANS-HEXAPRENYLTRANSTRANSFERASE-RXN,DSS_only,TRUE,-0.839212773177074,0.17877422480592703,12,10,0.00222339332135418,0.0471024096743999
3.5.1.26-RXN,DSS_only,TRUE,0.675509515717194,0.14404037132874897,12,6,0.00223522808165675,0.0472721806456582
QUERCETIN-23-DIOXYGENASE-RXN,DSS_only,TRUE,1.4937278353018897,0.32256045696952,12,11,0.00239529604631807,0.0493084669154143
GLCNACPTRANS-RXN,DSS_only,TRUE,0.652120560575303,0.14096957497158702,12,12,0.00240911937561342,0.0494801473942008
GLUTAMATE-SYNTHASE-NADH-RXN,DSS_only,TRUE,-0.8506920401811681,0.183927628471457,12,7,0.0024114545542403896,0.0494991676556426
1.8.98.1-RXN,RCE_only,TRUE,1.93736372614169,0.419018092661411,12,10,0.00241591263047433,0.0495633842508774
RXN-12444,DSS_only,TRUE,0.6167744942503709,0.13362124805165101,12,12,0.0024380862783023103,0.0497840116939761
